external_id,kind,category,name,address,bairro,cep,latitude,longitude,source,source_layer
NIT-50-1,facility,culture,Agencia Central Correios e Telegrafos,"Av. Visconde do Rio Branco, 481, Centro",,,-22.894941999331987,-43.123766999563344,Prefeitura Municipal de Niterói / SIGeo,Patrimônios e Equipamentos Culturais
NIT-50-2,facility,culture,Arquivo Publico do ERJ,"Av. Jansen de Mello, 3 - Centro",,,-22.88380399963133,-43.11554499989211,Prefeitura Municipal de Niterói / SIGeo,Patrimônios e Equipamentos Culturais
NIT-50-3,facility,culture,"Associacao de Formacao Social, Cultural e Ambiental do Barreto","R. Dr. March, 12 - Barreto",,,-22.860035998880505,-43.101227999759665,Prefeitura Municipal de Niterói / SIGeo,Patrimônios e Equipamentos Culturais
NIT-50-4,facility,culture,Associacao de Pais e Amigos dos Excepcionais (Apae),"R. Prof. Ismael Coutinho, Centro",,,-22.895595999501953,-43.11691100016311,Prefeitura Municipal de Niterói / SIGeo,Patrimônios e Equipamentos Culturais
NIT-50-5,facility,culture,Baleeira Alpha,"R. Coronel Tamarindo, 69",,,-22.901451999395725,-43.13361899957801,Prefeitura Municipal de Niterói / SIGeo,Patrimônios e Equipamentos Culturais
NIT-50-6,facility,culture,Basilica de Nossa Senhora Auxiliadora,"R. Santa Rosa, 207 - Santa Rosa",,,-22.90174099964245,-43.09932099980739,Prefeitura Municipal de Niterói / SIGeo,Patrimônios e Equipamentos Culturais
NIT-50-7,facility,culture,Bibioteca do Inst. Hist. e Geografico de Niteroi,"R. Visconde de Uruguai, 414 - Jardim Sao Joao - Centro",,,-22.89166399916396,-43.12244299978773,Prefeitura Municipal de Niterói / SIGeo,Patrimônios e Equipamentos Culturais
NIT-50-8,facility,culture,Biblioteca Central do Gragoata - UFF,"Av. Visconde do Rio Branco, s/n - Campus do Gragoata - Sao Domingos - Niteroi",,,-22.897740999272692,-43.13393200012759,Prefeitura Municipal de Niterói / SIGeo,Patrimônios e Equipamentos Culturais
NIT-50-9,facility,culture,Biblioteca Central do Valonguinho,"Outeiro de Sao Joao Batista, s/n - Campus do Valonginho - Centro - Niteroi",,,-22.896655999016396,-43.125581999941694,Prefeitura Municipal de Niterói / SIGeo,Patrimônios e Equipamentos Culturais
NIT-50-16,facility,culture,Biblioteca Ecologica - Ponto ORG,"R. Min.Octavio Kelly, 231 - Icarai",,,-22.903294999442867,-43.10484999986615,Prefeitura Municipal de Niterói / SIGeo,Patrimônios e Equipamentos Culturais
NIT-50-17,facility,culture,Biblioteca Estadual de Niteroi,"Praca da Republica s/n, Centro",,,-22.89460199917255,-43.1170960003728,Prefeitura Municipal de Niterói / SIGeo,Patrimônios e Equipamentos Culturais
NIT-50-18,facility,culture,Biblioteca Municipal Monteiro Lobato,"Parque Municipal Palmir Silvaa - Av. Luis Palmier s/n, Barreto",,,-22.863885999564033,-43.09781100042463,Prefeitura Municipal de Niterói / SIGeo,Patrimônios e Equipamentos Culturais
NIT-50-19,facility,culture,Biblioteca Popular Municipal Albertina Fortuna Barros,"Estrada Caetano Monteiro, 820 e Badu",,,-22.88350999952022,-43.031024999874525,Prefeitura Municipal de Niterói / SIGeo,Patrimônios e Equipamentos Culturais
NIT-50-20,facility,culture,Biblioteca Popular Municipal Anisio Teixeira,"R. Lopes Trovao, Campo de Sao Bento s/n, Icarai",,,-22.90374699970006,-43.108463000074494,Prefeitura Municipal de Niterói / SIGeo,Patrimônios e Equipamentos Culturais
NIT-50-21,facility,culture,Biblioteca Popular Municipal Cora Coralina,"R. Sao Pedro, 108 Centro",,,-22.89202399935556,-43.12096700022011,Prefeitura Municipal de Niterói / SIGeo,Patrimônios e Equipamentos Culturais
NIT-50-22,facility,culture,Biblioteca Popular Municipal Lidice Froes Rodrigues,"Av. Carlos Ermelindo Marins, 34, Jurujuba, Niteroi",,,-22.931734999605037,-43.11656300035875,Prefeitura Municipal de Niterói / SIGeo,Patrimônios e Equipamentos Culturais
NIT-50-23,facility,culture,Biblioteca Popular Municipal Silvestre Mânaco,"R. Jorn. Sardo Filho, s/n¦, CESU, Ilha da Conceicao",,,-22.87275399949456,-43.115957999750314,Prefeitura Municipal de Niterói / SIGeo,Patrimônios e Equipamentos Culturais
NIT-50-10,facility,culture,Biblioteca da AABB,"R. Helio da Silva Carneiro,78 - S. Francsco",,,-22.917309999188532,-43.0825970002654,Prefeitura Municipal de Niterói / SIGeo,Patrimônios e Equipamentos Culturais
NIT-50-11,facility,culture,Biblioteca da Casa Oliveira Vianna,"Alameda Sao Boaventura, 41 - Fonseca",,,-22.880458999471298,-43.10873499993618,Prefeitura Municipal de Niterói / SIGeo,Patrimônios e Equipamentos Culturais
NIT-50-12,facility,culture,Biblioteca da Universo,"R. Marechal Deodoro,263 - Centro",,,-22.88929599892744,-43.117116000174434,Prefeitura Municipal de Niterói / SIGeo,Patrimônios e Equipamentos Culturais
NIT-50-13,facility,culture,Biblioteca do Instituto Baia da Guanabara,"Alameda Sao Boaventura, 770 - Fonseca",,,-22.88225599887055,-43.0911359996558,Prefeitura Municipal de Niterói / SIGeo,Patrimônios e Equipamentos Culturais
NIT-50-14,facility,culture,Biblioteca do Instituto Vital Brazil,"R. Maestro Jose Botelho,64 - Santa Rosa",,,-22.906061999316773,-43.09717599987584,Prefeitura Municipal de Niterói / SIGeo,Patrimônios e Equipamentos Culturais
NIT-50-15,facility,culture,Biblioteca do SESC,R. Padre Anchieta 56 - Centro,,,-22.89821599968602,-43.12202700026593,Prefeitura Municipal de Niterói / SIGeo,Patrimônios e Equipamentos Culturais
NIT-50-24,facility,culture,Busto de D. Pedro,Praca Leoni Ramos,,,-22.899535999420834,-43.13052699956499,Prefeitura Municipal de Niterói / SIGeo,Patrimônios e Equipamentos Culturais
NIT-50-63,facility,culture,CLAC - Clube Livre de Arte e Cultura,"R.  Dr. Souza Dias, 148 - Icarai",,,-22.905633999519686,-43.093290999904205,Prefeitura Municipal de Niterói / SIGeo,Patrimônios e Equipamentos Culturais
NIT-50-26,facility,culture,Camarim Escola de Danca,"R. Pereira da Silva,238 - Icarai",,,-22.90164799974867,-43.10997600030628,Prefeitura Municipal de Niterói / SIGeo,Patrimônios e Equipamentos Culturais
NIT-50-27,facility,culture,Campo de Sao Bento (Parque Prefeito Ferraz),"R. Lopes Trovao, Campo de Sao Bento s/n, Icarai",,,-22.90423299921015,-43.107481000101096,Prefeitura Municipal de Niterói / SIGeo,Patrimônios e Equipamentos Culturais
NIT-50-28,facility,culture,Campus Avancado - Me ve na TV,"R. Coronel Tamarindo, 61 - Gragoata",,,-22.901514999460456,-43.13325699991616,Prefeitura Municipal de Niterói / SIGeo,Patrimônios e Equipamentos Culturais
NIT-50-29,facility,culture,Campus Avancado Condominio Cultural,R. Alexandre Moura 41 - Sao Domingosa,,,-22.900432999730295,-43.131244000023415,Prefeitura Municipal de Niterói / SIGeo,Patrimônios e Equipamentos Culturais
NIT-50-30,facility,culture,Canto Sul da Praia de Itaipu,Praia de Itaipu,,,-22.973409999606073,-43.045635000277464,Prefeitura Municipal de Niterói / SIGeo,Patrimônios e Equipamentos Culturais
NIT-50-31,facility,culture,Capela de Sao Pedro e Cemiterio do Marui,"R. Gal. Castrioto, nº.409 - Barreto",,,-22.862481999741384,-43.10452499993161,Prefeitura Municipal de Niterói / SIGeo,Patrimônios e Equipamentos Culturais
NIT-50-32,facility,culture,Carnaval,R. da Conceicao,,,-22.894280999101436,-43.12092699963918,Prefeitura Municipal de Niterói / SIGeo,Patrimônios e Equipamentos Culturais
NIT-50-33,facility,culture,Casa,"Av. Quintino Bocaiuva, 145",,,-22.91928999902155,-43.09391700018102,Prefeitura Municipal de Niterói / SIGeo,Patrimônios e Equipamentos Culturais
NIT-50-40,facility,culture,Casa Verde,"R. Barao de Maua, 296",,,-22.877899999737227,-43.12406600023097,Prefeitura Municipal de Niterói / SIGeo,Patrimônios e Equipamentos Culturais
NIT-50-34,facility,culture,Casa da Crianca de Niteroi,"R. Jose Bonifacio, 56 -Sao Domingos",,,-22.900132999185676,-43.128946999726104,Prefeitura Municipal de Niterói / SIGeo,Patrimônios e Equipamentos Culturais
NIT-50-35,facility,culture,Casa da Quina,"R. Coronel Tamarindo, 67 - Gragoata",,,-22.901606999746868,-43.1334039997454,Prefeitura Municipal de Niterói / SIGeo,Patrimônios e Equipamentos Culturais
NIT-50-36,facility,culture,Casa das Artes Fernanda Barcellos,"R. Expedicionario Jose Pessoto Sobrinho, 21- Maria Paula",,,-22.879924705014982,-43.02620543839217,Prefeitura Municipal de Niterói / SIGeo,Patrimônios e Equipamentos Culturais
NIT-50-37,facility,culture,Casa de Oliveira Vianna,"Alameda Sao Boaventura, 41 - Fonseca",,,-22.880458999471298,-43.10873499993618,Prefeitura Municipal de Niterói / SIGeo,Patrimônios e Equipamentos Culturais
NIT-50-38,facility,culture,Casa do Artesao,"R. Visconde de Morais, 249 - Inga",,,-22.902427999061846,-43.12543700007833,Prefeitura Municipal de Niterói / SIGeo,Patrimônios e Equipamentos Culturais
NIT-50-39,facility,culture,Casa do Estudante Fluminense,"R. Professor Hernani de Melo, 2 - Sao Domingos",,,-22.897749999314733,-43.12790900045207,Prefeitura Municipal de Niterói / SIGeo,Patrimônios e Equipamentos Culturais
NIT-50-41,facility,culture,Casarao em Charitas,"Av. Quintino Bocauva, 679 - Charitas",,,-22.927703999732465,-43.09564399971361,Prefeitura Municipal de Niterói / SIGeo,Patrimônios e Equipamentos Culturais
NIT-50-42,facility,culture,Cassino Icarahy (Reitoria UFF),"R. Miguel de Frias, 9 - Icarai",,,-22.903225999424436,-43.11652900047118,Prefeitura Municipal de Niterói / SIGeo,Patrimônios e Equipamentos Culturais
NIT-50-43,facility,culture,Castelinho do Gragoata,"R. Coronel Tamarindo, 31 - Gragoata",,,-22.90133699913021,-43.13270400029009,Prefeitura Municipal de Niterói / SIGeo,Patrimônios e Equipamentos Culturais
NIT-50-44,facility,culture,Centro Cultural Abrigo dos Bondes,"R. Marques do Parana, 100, Centro, Niteroi",,,-22.88984599971663,-43.114608999562634,Prefeitura Municipal de Niterói / SIGeo,Patrimônios e Equipamentos Culturais
NIT-50-45,facility,culture,Centro Cultural Artistico da Regiao Oceânica,Av. Everton da Costa Xavier no 1800  - Itaipu,,,-22.91098999951574,-42.9875309997232,Prefeitura Municipal de Niterói / SIGeo,Patrimônios e Equipamentos Culturais
NIT-50-48,facility,culture,Centro Cultural Muiraquita,"R. Santa Rosa, 244 - Santa Rosa",,,-22.902344999433936,-43.098906999875,Prefeitura Municipal de Niterói / SIGeo,Patrimônios e Equipamentos Culturais
NIT-50-49,facility,culture,Centro Cultural Paschoal Carlos Magno,"R. Lopes Trovao, Campo de Sao Bento s/n, Icarai",,,-22.90431099896341,-43.10838200044375,Prefeitura Municipal de Niterói / SIGeo,Patrimônios e Equipamentos Culturais
NIT-50-46,facility,culture,Centro Cultural da Engenhoca,"R. Coronel Guimaraes, 877- Engenhoca",,,-22.87071799928855,-43.096124999836,Prefeitura Municipal de Niterói / SIGeo,Patrimônios e Equipamentos Culturais
NIT-50-47,facility,culture,Centro Cultural da Igreja de Sao Judas Tadeu,Av. Ari Parreiras s/n - Icarai,,,-22.91208099889241,-43.10888699992379,Prefeitura Municipal de Niterói / SIGeo,Patrimônios e Equipamentos Culturais
NIT-50-59,facility,culture,Centro Pop,"R. Coronel Gomes Machado, 259",,,-22.892516999621957,-43.1171140000734,Prefeitura Municipal de Niterói / SIGeo,Patrimônios e Equipamentos Culturais
NIT-50-50,facility,culture,Centro de  Artes UFF,"R. Miguel de Frias, 9 - Icarai",,,-22.903225999424436,-43.11652900047118,Prefeitura Municipal de Niterói / SIGeo,Patrimônios e Equipamentos Culturais
NIT-50-51,facility,culture,Centro de Analise do Movimento Vivo - CAMV,"R. Mem de Sa, 31 - Icarai",,,-22.900573999310666,-43.11147899976546,Prefeitura Municipal de Niterói / SIGeo,Patrimônios e Equipamentos Culturais
NIT-50-52,facility,culture,Centro de Artes e Esportes Unificados - CEU Ismael Silva,"Av. Carlos Ermelindo Marins, 34, Jurujuba, Niteroi",,,-22.931734999605037,-43.11656300035875,Prefeitura Municipal de Niterói / SIGeo,Patrimônios e Equipamentos Culturais
NIT-50-53,facility,culture,Centro de Cinema - Caminho Niemeyer,"Av. Visconde do Rio Branco, 1354 - Sao Domingo",,,-22.89829399948634,-43.13081299977012,Prefeitura Municipal de Niterói / SIGeo,Patrimônios e Equipamentos Culturais
NIT-50-54,facility,culture,Centro de Cultura LGBT  - Prof. Jose Carlos Barcellos,"R. Sao Joao, 180 -aCentro",,,-22.891062999210284,-43.11927000025146,Prefeitura Municipal de Niterói / SIGeo,Patrimônios e Equipamentos Culturais
NIT-50-55,facility,culture,Centro de Danca Maria Mandarino,"Est. Francisco da Cruz Nunes, 5822 - Itaipu",,,-22.940794999050862,-43.058362000120276,Prefeitura Municipal de Niterói / SIGeo,Patrimônios e Equipamentos Culturais
NIT-50-56,facility,culture,Centro de Estimulacao Precoce,"R. General Osorio, 59  - Sao Domingos",,,-22.900858998886324,-43.1309150003993,Prefeitura Municipal de Niterói / SIGeo,Patrimônios e Equipamentos Culturais
NIT-50-57,facility,culture,Centro de Memoria Fluminense (UFF),"Av. Visconde do Rio Branco, s/n - Campus do Gragoata - Sao Domingos - Niteroi",,,-22.897740999272692,-43.13393200012759,Prefeitura Municipal de Niterói / SIGeo,Patrimônios e Equipamentos Culturais
NIT-50-58,facility,culture,Centro de Memoria Judiciaria de Niteroi,"Praca da Republica, 26 - Centro",,,-22.89395199915105,-43.1178650001091,Prefeitura Municipal de Niterói / SIGeo,Patrimônios e Equipamentos Culturais
NIT-50-60,facility,culture,Chale e Casarao da antiga Western Telegraph (Escola de Arquitetura e Urbanismo - UFF),"R. Passo da Patria, 156 - Sao Domingos",,,-22.904639999554913,-43.130851999844765,Prefeitura Municipal de Niterói / SIGeo,Patrimônios e Equipamentos Culturais
NIT-50-61,facility,culture,Cinema Icarai,"Av. Jorn. Alberto Torres, 161",,,-22.904310999497522,-43.11505999956511,Prefeitura Municipal de Niterói / SIGeo,Patrimônios e Equipamentos Culturais
NIT-50-62,facility,culture,Cinemark Plaza Shopping,"R. Quinze de Novembro, 8, Centro",,,-22.89750299951983,-43.123729999947386,Prefeitura Municipal de Niterói / SIGeo,Patrimônios e Equipamentos Culturais
NIT-50-64,facility,culture,Colecao Banco do Estado do Rio de Janeiro S. A.- BERJ,"R. Presidente Pedreira, 78 - Inga",,,-22.90363599966279,-43.12548599951488,Prefeitura Municipal de Niterói / SIGeo,Patrimônios e Equipamentos Culturais
NIT-50-65,facility,culture,Companhia de Ballet da Cidade de Niteroi,"Av. Ernani do Amaral Peixoto, 178 - Centro",,,-22.893654999228076,-43.121871000173066,Prefeitura Municipal de Niterói / SIGeo,Patrimônios e Equipamentos Culturais
NIT-50-66,facility,culture,Conjunto Arquitetonico do antigo Educandario Paula Cândido.,"Av. Quintino Bocaiuva, nº 115, Sao Francisco",,,-22.916206999168857,-43.094431999911805,Prefeitura Municipal de Niterói / SIGeo,Patrimônios e Equipamentos Culturais
NIT-50-67,facility,culture,Conservatorio de Musica de Niteroi,"R. Sao Pedro, 96 - Centro",,,-22.89209799971837,-43.12123600027797,Prefeitura Municipal de Niterói / SIGeo,Patrimônios e Equipamentos Culturais
NIT-50-68,facility,culture,Conservatorio de Musica do Estado do Rio de Janeiro,"R. Presidente Backer, 180 - Icarai",,,-22.903276999558948,-43.10982700001061,Prefeitura Municipal de Niterói / SIGeo,Patrimônios e Equipamentos Culturais
NIT-50-69,facility,culture,Coreto - Campo de Sao Bento,"R. Lopes Trovao, Campo de Sao Bento s/n, Icarai",,,-22.90423299921015,-43.107481000101096,Prefeitura Municipal de Niterói / SIGeo,Patrimônios e Equipamentos Culturais
NIT-50-70,facility,culture,Corpo de Bombeiros,"R. Marques de Parana, 134 - Centro",,,-22.892173999160793,-43.11410399985452,Prefeitura Municipal de Niterói / SIGeo,Patrimônios e Equipamentos Culturais
NIT-50-71,facility,culture,Cortico Vide Verso,"R. Barao de Maua, 322",,,-22.87817599964929,-43.12348600042165,Prefeitura Municipal de Niterói / SIGeo,Patrimônios e Equipamentos Culturais
NIT-50-25,facility,culture,Câmara Municipal de Niteroi,"Av. Ernani do Amaral Peixoto, 625 - Centro",,,-22.89331499907335,-43.1170250004521,Prefeitura Municipal de Niterói / SIGeo,Patrimônios e Equipamentos Culturais
NIT-50-72,facility,culture,Espaco Aloisio Valle,"Av. Ernani do Amaral Peixoto, 625 - Centro",,,-22.89331499907335,-43.1170250004521,Prefeitura Municipal de Niterói / SIGeo,Patrimônios e Equipamentos Culturais
NIT-50-73,facility,culture,Espaco Arte nas Pedras,"Est. Francisco da Cruz Nunes, 5001 - Piratininga",,,-22.934273999193262,-43.065306000338566,Prefeitura Municipal de Niterói / SIGeo,Patrimônios e Equipamentos Culturais
NIT-50-74,facility,culture,Espaco Cultural Conselheiro Paschoal Cittadino,"Av. Jansen de Mello, 3 - Centro",,,-22.88380399963133,-43.11554499989211,Prefeitura Municipal de Niterói / SIGeo,Patrimônios e Equipamentos Culturais
NIT-50-78,facility,culture,Espaco Cultural Maria Jacinta,"Travessa Francisco Dutra, 32 - Icarai",,,-22.90753699897791,-43.10159900001008,Prefeitura Municipal de Niterói / SIGeo,Patrimônios e Equipamentos Culturais
NIT-50-79,facility,culture,Espaco Cultural Nippon,"Av. Ernani do Amaral Peixoto, 370 / s.lj. - Centro",,,-22.893748999112326,-43.119882000239905,Prefeitura Municipal de Niterói / SIGeo,Patrimônios e Equipamentos Culturais
NIT-50-80,facility,culture,Espaco Cultural Tribo Urbana,"R. Dr. Arthur Tibau, 31 - Ingaa",,,-22.900608999061163,-43.12489000035408,Prefeitura Municipal de Niterói / SIGeo,Patrimônios e Equipamentos Culturais
NIT-50-75,facility,culture,Espaco Cultural da Caixa - Agencia Sao Francisco,"Av. Rui Barbosa, 144 - Sao Franciscoa",,,-22.920182998907094,-43.09002699955551,Prefeitura Municipal de Niterói / SIGeo,Patrimônios e Equipamentos Culturais
NIT-50-76,facility,culture,Espaco Cultural da Cantareira,"R. Alexandre Moura, s/n - Sao Domingos",,,-22.899413999570097,-43.13096799975496,Prefeitura Municipal de Niterói / SIGeo,Patrimônios e Equipamentos Culturais
NIT-50-77,facility,culture,Espaco Cultural dos Correios,"Av. Visconde do Rio Branco, 481, Centro",,,-22.894941999331987,-43.123766999563344,Prefeitura Municipal de Niterói / SIGeo,Patrimônios e Equipamentos Culturais
NIT-50-82,facility,culture,Espaco Plural,"Est. Francisco da Cruz Nunes (Estrada de Itaipu), 1945 - S.l.: 201",,,-22.934527999144827,-43.06521699968351,Prefeitura Municipal de Niterói / SIGeo,Patrimônios e Equipamentos Culturais
NIT-50-81,facility,culture,Espaco do Artesao,"R. Almirante Teffe, 632, Sl. 115,",,,-22.89608099902592,-43.122684999537256,Prefeitura Municipal de Niterói / SIGeo,Patrimônios e Equipamentos Culturais
NIT-50-83,facility,culture,Fabricartoon - Espaco Criativo e Escola de Desenho,"Av. Alm. Tamandare, 191 - Piratininga",,,-22.95308299956887,-43.09407800006378,Prefeitura Municipal de Niterói / SIGeo,Patrimônios e Equipamentos Culturais
NIT-50-84,facility,culture,Feira de Artesanato,"R. Lopes Trovao, Campo de Sao Bento s/n, Icarai",,,-22.90423299921015,-43.107481000101096,Prefeitura Municipal de Niterói / SIGeo,Patrimônios e Equipamentos Culturais
NIT-50-85,facility,culture,Fortaleza de Santa Cruz,Estrada Gal. Eurico Gaspar Dutra s/ n¦ - Jurujuba,,,-22.9379709997163,-43.13376299988575,Prefeitura Municipal de Niterói / SIGeo,Patrimônios e Equipamentos Culturais
NIT-50-86,facility,culture,Forte do Gragoata,"Praia do Gragoata, 145- Gragoata",,,-22.903039999146124,-43.13626300043993,Prefeitura Municipal de Niterói / SIGeo,Patrimônios e Equipamentos Culturais
NIT-50-87,facility,culture,Forum de Niteroi (Antigo Palacio da Justica),"Praca da Republica, 26 - Centro",,,-22.89395199915105,-43.1178650001091,Prefeitura Municipal de Niterói / SIGeo,Patrimônios e Equipamentos Culturais
NIT-50-88,facility,culture,Galeria 52 - Alianca Francesa,"R. Lopes Trovao, 52 - 2¦ andar - Icaraia",,,-22.90647099936236,-43.11145599996544,Prefeitura Municipal de Niterói / SIGeo,Patrimônios e Equipamentos Culturais
NIT-50-89,facility,culture,Galeria Borghese - Itaipu,"Est. Francisco da Cruz Nunes, 8693 - Itaipu",,,-22.94348799924102,-43.037397000429365,Prefeitura Municipal de Niterói / SIGeo,Patrimônios e Equipamentos Culturais
NIT-50-90,facility,culture,Galeria do Campo,"R. Professor Hernani de Melo, 18 - Inga",,,-22.897932999682546,-43.127688000220246,Prefeitura Municipal de Niterói / SIGeo,Patrimônios e Equipamentos Culturais
NIT-50-91,facility,culture,Galeria do ICG (Instituto Cultural Germânico),"Av. Sete de Setembro, 131 - Icarai",,,-22.906075998927964,-43.10256000040601,Prefeitura Municipal de Niterói / SIGeo,Patrimônios e Equipamentos Culturais
NIT-50-92,facility,culture,Galeria do Sesc,R. Padre Anchieta 56 - Centro,,,-22.89821599968602,-43.12202700026593,Prefeitura Municipal de Niterói / SIGeo,Patrimônios e Equipamentos Culturais
NIT-50-93,facility,culture,Gremio Recreativo Escola de Samba Academicos do Cubango,"R. Noronha Torrezao, 560 - Santa Rosa",,,-22.889482999137602,-43.0955430002763,Prefeitura Municipal de Niterói / SIGeo,Patrimônios e Equipamentos Culturais
NIT-50-94,facility,culture,Gremio Recreativo Escola de Samba Unidos do Viradouro,Barreto,,,-22.85910299961549,-43.10459199967395,Prefeitura Municipal de Niterói / SIGeo,Patrimônios e Equipamentos Culturais
NIT-50-95,facility,culture,Grupo Diversidade Niteroi,"Av. Visconde do Rio Branco, 627",,,-22.896531999334837,-43.126131000364204,Prefeitura Municipal de Niterói / SIGeo,Patrimônios e Equipamentos Culturais
NIT-50-96,facility,culture,Igreja Anglicana (All Saints Church),"R. Otavio Carneiro, 144",,,-22.90557099912157,-43.10851800045141,Prefeitura Municipal de Niterói / SIGeo,Patrimônios e Equipamentos Culturais
NIT-50-104,facility,culture,Igreja Matriz de Sao Francisco Xavier,"Av. Quintino Bocaiuva, s/n - Sao Francisco",,,-22.921994999052554,-43.094327000108436,Prefeitura Municipal de Niterói / SIGeo,Patrimônios e Equipamentos Culturais
NIT-50-105,facility,culture,Igreja Nossa Senhora do Bonsucesso,"proxima o estrada Gov. Celso Pecanha, entre Av. 12 e R. 37, Piratininga",,,-22.936866999675864,-43.05954400036623,Prefeitura Municipal de Niterói / SIGeo,Patrimônios e Equipamentos Culturais
NIT-50-106,facility,culture,Igreja Sao Sebastiao de Itaipu,R. da Amizade,,,-22.96938599928129,-43.04166299952788,Prefeitura Municipal de Niterói / SIGeo,Patrimônios e Equipamentos Culturais
NIT-50-97,facility,culture,Igreja de Boa Viagem,Ilha de Boa Viagem,,,-22.91056799970722,-43.13060999998429,Prefeitura Municipal de Niterói / SIGeo,Patrimônios e Equipamentos Culturais
NIT-50-98,facility,culture,Igreja de Nossa Senhora da Conceicao,"R. da Conceicao, 216, Centro",,,-22.89471599920093,-43.11827300025707,Prefeitura Municipal de Niterói / SIGeo,Patrimônios e Equipamentos Culturais
NIT-50-99,facility,culture,Igreja de Nossa Senhora de Fatima,"R. Barao de Maua, 274- Ponta d' Areia",,,-22.87792999976295,-43.12459500034824,Prefeitura Municipal de Niterói / SIGeo,Patrimônios e Equipamentos Culturais
NIT-50-100,facility,culture,Igreja de Sao Domingos Gusmao,"R. Alexandre Moura, 29",,,-22.90011499957833,-43.13100700041135,Prefeitura Municipal de Niterói / SIGeo,Patrimônios e Equipamentos Culturais
NIT-50-101,facility,culture,Igreja de Sao Lourenco da Varzea,"R. Benjamin Constant s/n, Fonseca - Ponto Cem Reis",,,-22.881338998949936,-43.108971999987475,Prefeitura Municipal de Niterói / SIGeo,Patrimônios e Equipamentos Culturais
NIT-50-102,facility,culture,Igreja de Sao Lourenco dos indios,"Praca General Rondon, s/n- Sao Lourenco",,,-22.88725599902965,-43.110120000307894,Prefeitura Municipal de Niterói / SIGeo,Patrimônios e Equipamentos Culturais
NIT-50-103,facility,culture,Igreja dos Cardos,Praia das Flechas,,,-22.90612299954561,-43.125589000414266,Prefeitura Municipal de Niterói / SIGeo,Patrimônios e Equipamentos Culturais
NIT-50-107,facility,culture,Ilha da Boa Viagem: conjunto arquitetonico e paisagistico,Ilha de Boa Viagem,,,-22.91010899897291,-43.13056499978765,Prefeitura Municipal de Niterói / SIGeo,Patrimônios e Equipamentos Culturais
NIT-50-108,facility,culture,Ilha dos Cardos,Ilha dos Cardos,,,-22.910186999063924,-43.12558200024369,Prefeitura Municipal de Niterói / SIGeo,Patrimônios e Equipamentos Culturais
NIT-50-109,facility,culture,"Imoveis - R. Alexandre Moura 1,3,5 e 7","R. Alexandre Moura, 1, 3, 5",,,-22.90091599966917,-43.13175900047685,Prefeitura Municipal de Niterói / SIGeo,Patrimônios e Equipamentos Culturais
NIT-50-110,facility,culture,Imovel R. Oswaldo Cruz,"R. Oswaldo Cruz, n 18",,,-22.909434999308598,-43.10967400038689,Prefeitura Municipal de Niterói / SIGeo,Patrimônios e Equipamentos Culturais
NIT-50-112,facility,culture,Instituto Franco Basaglia (Centro de Atencao Psicossocial -lcool e Drogas (CAPS AD),"Alameda Sao Boaventura, 129 e Fonseca",,,-22.880433999581076,-43.10637099957633,Prefeitura Municipal de Niterói / SIGeo,Patrimônios e Equipamentos Culturais
NIT-50-113,facility,culture,Instituto Penal Viera Ferreira Netto,"Alameda Sao Boaventura, 773 - Fonseca",,,-22.88034899970693,-43.0906430000468,Prefeitura Municipal de Niterói / SIGeo,Patrimônios e Equipamentos Culturais
NIT-50-111,facility,culture,Instituto de Artes e Comunicacao Social - IACS,"R. Professor Lara Vilela, 126 - Sao Domingos",,,-22.9014419989741,-43.12803300016491,Prefeitura Municipal de Niterói / SIGeo,Patrimônios e Equipamentos Culturais
NIT-50-114,facility,culture,Irmandade de Sao Vicente de Paulo,"R. Miguel de Frias, 123 - Icarai",,,-22.901657999021243,-43.1144819999788,Prefeitura Municipal de Niterói / SIGeo,Patrimônios e Equipamentos Culturais
NIT-50-115,facility,culture,Jardim Botânico de Niteroi,"Alameda Sao Boaventura, 770 - Fonseca",,,-22.881317999379892,-43.09076700022843,Prefeitura Municipal de Niterói / SIGeo,Patrimônios e Equipamentos Culturais
NIT-50-116,facility,culture,Jogo da Bola Pesada,Praia de Icarai,,,-22.90583099974264,-43.11445999956638,Prefeitura Municipal de Niterói / SIGeo,Patrimônios e Equipamentos Culturais
NIT-50-117,facility,culture,Kinoplex Bay Market,Av. Visconde do Rio Branco 360 - Centro,,,-22.892104999058525,-43.12471599984743,Prefeitura Municipal de Niterói / SIGeo,Patrimônios e Equipamentos Culturais
NIT-50-118,facility,culture,Lido Center (Estrutura de Madeira),"Av. Quintino Bocaiuva, 311 - Sao Francisco",,,-22.920479998955173,-43.093720000439276,Prefeitura Municipal de Niterói / SIGeo,Patrimônios e Equipamentos Culturais
NIT-50-119,facility,culture,Loja Maconica Acacia,"R. Professor Hernani de Mello, 60 - Sao Domingos",,,-22.89878799952966,-43.12696599990315,Prefeitura Municipal de Niterói / SIGeo,Patrimônios e Equipamentos Culturais
NIT-50-120,facility,culture,Malikhelu (Canto da Cultura),"Praca Nilo Pecanha, 37 - Boa Viagem",,,-22.883882999666593,-43.06712100000478,Prefeitura Municipal de Niterói / SIGeo,Patrimônios e Equipamentos Culturais
NIT-50-121,facility,culture,Mercado Sao Pedro,Av. Visconde do Rio Branco,,,-22.885401999614572,-43.12505000046545,Prefeitura Municipal de Niterói / SIGeo,Patrimônios e Equipamentos Culturais
NIT-50-122,facility,culture,Monumento a Republica,Praca da Republica,,,-22.893971999609416,-43.11705600017258,Prefeitura Municipal de Niterói / SIGeo,Patrimônios e Equipamentos Culturais
NIT-50-123,facility,culture,Museu Antonio Parreiras,"R. Tiradentes, 47, Inga",,,-22.90172099953106,-43.12610399951748,Prefeitura Municipal de Niterói / SIGeo,Patrimônios e Equipamentos Culturais
NIT-50-128,facility,culture,Museu Janete Costa de Arte Popular,"R. Presidente Domiciano, 178 e 182, Sao Domingos",,,-22.903809999710425,-43.128095000451935,Prefeitura Municipal de Niterói / SIGeo,Patrimônios e Equipamentos Culturais
NIT-50-124,facility,culture,Museu de Arqueologia de Itaipu (Recolhimento de Santa Teresa),"Praia de Itaipu, s/nº",,,-22.97140199920034,-43.04487700035701,Prefeitura Municipal de Niterói / SIGeo,Patrimônios e Equipamentos Culturais
NIT-50-125,facility,culture,Museu de Arte Contemporânea (MAC),"Mirante da Boa Viagem, s/n¦ - Boa Viagem",,,-22.907889999133292,-43.12584400024791,Prefeitura Municipal de Niterói / SIGeo,Patrimônios e Equipamentos Culturais
NIT-50-126,facility,culture,Museu de Arte Sacra,"R. da Conceicao, 216, Centro",,,-22.89471599920093,-43.11827300025707,Prefeitura Municipal de Niterói / SIGeo,Patrimônios e Equipamentos Culturais
NIT-50-127,facility,culture,Museu do Inga,"R. Presidente Pedreira, 78, Inga",,,-22.90363599966279,-43.12548599951488,Prefeitura Municipal de Niterói / SIGeo,Patrimônios e Equipamentos Culturais
NIT-50-129,facility,culture,Nucleo de Producao Digital - NPD,"R. Visconde do Uruguai,300 - Centro",,,-22.888742998951233,-43.12279500016749,Prefeitura Municipal de Niterói / SIGeo,Patrimônios e Equipamentos Culturais
NIT-50-130,facility,culture,Oficina do Parque - PADOP,"R. Demetrio de Freitas, 150",,,-22.914382999470575,-43.070418999944,Prefeitura Municipal de Niterói / SIGeo,Patrimônios e Equipamentos Culturais
NIT-50-131,facility,culture,Orquestra Sinfânica da UFF,"R. Miguel de Frias, 9 - Icarai",,,-22.903225999424436,-43.11652900047118,Prefeitura Municipal de Niterói / SIGeo,Patrimônios e Equipamentos Culturais
NIT-50-132,facility,culture,"Paco Municipal de Niteroi, antiga Casa dos Vereadores","R. Visconde de Uruguai, 414 - Jardim Sao Joao - Centro",,,-22.89166399916396,-43.12244299978773,Prefeitura Municipal de Niterói / SIGeo,Patrimônios e Equipamentos Culturais
NIT-50-133,facility,culture,Palacio Arariboia,"R. da Conceicao, 100",,,-22.894688999121083,-43.12123900015066,Prefeitura Municipal de Niterói / SIGeo,Patrimônios e Equipamentos Culturais
NIT-50-135,facility,culture,Palacio Euclides da Cunha,"Alameda Sao Boaventura, 770 - Fonseca",,,-22.882546999157046,-43.09070600027802,Prefeitura Municipal de Niterói / SIGeo,Patrimônios e Equipamentos Culturais
NIT-50-136,facility,culture,Palacio Sao Domingos,"R. Marechal Deodoro, 30",,,-22.890101999022185,-43.12341399959152,Prefeitura Municipal de Niterói / SIGeo,Patrimônios e Equipamentos Culturais
NIT-50-134,facility,culture,Palacio do Inga,"R. Presidente Pedreira, 78, Inga",,,-22.90363599966279,-43.12548599951488,Prefeitura Municipal de Niterói / SIGeo,Patrimônios e Equipamentos Culturais
NIT-50-137,facility,culture,Parthenon Centro de Arte e Cultura,"R. Gen. Andrade de Neves, 40 - Centroa",,,-22.897128999465796,-43.12224900031859,Prefeitura Municipal de Niterói / SIGeo,Patrimônios e Equipamentos Culturais
NIT-50-138,facility,culture,Pedra de Itapuca,ao largo da praia de Icarai,,,-22.905612999201345,-43.119767000106144,Prefeitura Municipal de Niterói / SIGeo,Patrimônios e Equipamentos Culturais
NIT-50-139,facility,culture,Pedra do indio,Praia de Icarai,,,-22.905167998920664,-43.118238999893606,Prefeitura Municipal de Niterói / SIGeo,Patrimônios e Equipamentos Culturais
NIT-50-140,facility,culture,Pescadores Artesanais,Itaipu,,,-22.969646999247157,-43.04630900029259,Prefeitura Municipal de Niterói / SIGeo,Patrimônios e Equipamentos Culturais
NIT-50-141,facility,culture,Portal da Cantareira,Praca Leoni Ramos - todo terreno de prop. Da CONERJ,,,-22.899413999570097,-43.13096799975496,Prefeitura Municipal de Niterói / SIGeo,Patrimônios e Equipamentos Culturais
NIT-50-142,facility,culture,Praca da Republica,Praca da Republica,,,-22.893971999609416,-43.11705600017258,Prefeitura Municipal de Niterói / SIGeo,Patrimônios e Equipamentos Culturais
NIT-50-143,facility,culture,Praia de Adao,"Estrada Eurico Gaspar Dutra, na encosta dos morros do Morcego e do Pau-Ferro - Jurujuba",,,-22.92761399909341,-43.12277599952538,Prefeitura Municipal de Niterói / SIGeo,Patrimônios e Equipamentos Culturais
NIT-50-144,facility,culture,Praia de Eva,"Estrada Eurico Gaspar Dutra, na encosta dos morros do Morcego e do Pau-Ferro - Jurujuba",,,-22.929560999548016,-43.12255200041935,Prefeitura Municipal de Niterói / SIGeo,Patrimônios e Equipamentos Culturais
NIT-50-145,facility,culture,Praia de Itaipu,Praia de Itaipu,,,-22.970347999358097,-43.04597500032261,Prefeitura Municipal de Niterói / SIGeo,Patrimônios e Equipamentos Culturais
NIT-50-146,facility,culture,Praia do Sossego,Praia do Sossego,,,-22.958007999248895,-43.06983299967007,Prefeitura Municipal de Niterói / SIGeo,Patrimônios e Equipamentos Culturais
NIT-50-147,facility,culture,Quilombo do Grotao,Serra da Tiririca,,,-22.9412629992663,-43.005535999668744,Prefeitura Municipal de Niterói / SIGeo,Patrimônios e Equipamentos Culturais
NIT-50-148,facility,culture,Reservatorio da Correcao,"Rua Coronel Gomes Machado, nº 385",,,-22.89180499923129,-43.11541900027748,Prefeitura Municipal de Niterói / SIGeo,Patrimônios e Equipamentos Culturais
NIT-50-149,facility,culture,Ruinas da Antiga Capela de Nossa Senhora da Conceicao,"Estrada do Itacoatiara, 110",,,-22.965678999029983,-43.031650000132835,Prefeitura Municipal de Niterói / SIGeo,Patrimônios e Equipamentos Culturais
NIT-50-158,facility,culture,SESC Niteroi,R. Padre Anchieta 56 - Centro,,,-22.89821599968602,-43.12202700026593,Prefeitura Municipal de Niterói / SIGeo,Patrimônios e Equipamentos Culturais
NIT-50-150,facility,culture,Sala Carlos Couto,"R. Quinze de Novembro, 35, Centro",,,-22.895976999435952,-43.12328399997334,Prefeitura Municipal de Niterói / SIGeo,Patrimônios e Equipamentos Culturais
NIT-50-153,facility,culture,Sala Jose Cândido de Carvalho,"R. Presidente Pedreira, 98 - Inga",,,-22.903707999172575,-43.12494199977874,Prefeitura Municipal de Niterói / SIGeo,Patrimônios e Equipamentos Culturais
NIT-50-151,facility,culture,Sala de Cultura Leila Diniz,"R. Professor Heitor Carrilho, 81",,,-22.88522399938798,-43.11883899961312,Prefeitura Municipal de Niterói / SIGeo,Patrimônios e Equipamentos Culturais
NIT-50-152,facility,culture,Sala de Leitura do Centro Social Urbano (da Ilha da Conceicao),"R. Jorn. Sardo Filho, s/n¦, CESU, Ilha da Conceicao",,,-22.872669999484618,-43.115696999848375,Prefeitura Municipal de Niterói / SIGeo,Patrimônios e Equipamentos Culturais
NIT-50-154,facility,culture,Sao Ze Casa de Musica,"Av. Dez, 6, Cafuba, Piratininga (atras do antigo Capelinha)",,,-22.934623999186538,-43.0706640000243,Prefeitura Municipal de Niterói / SIGeo,Patrimônios e Equipamentos Culturais
NIT-50-155,facility,culture,Seminario Sao Jose (Palacete da Soledade),"R. Genserico Ribeiro, 59 - Sao Lourenco",,,-22.884871999159415,-43.108539999561074,Prefeitura Municipal de Niterói / SIGeo,Patrimônios e Equipamentos Culturais
NIT-50-156,facility,culture,Serra da Tiririca,Serra da Tiririca,,,-22.954674998645487,-43.01286273927327,Prefeitura Municipal de Niterói / SIGeo,Patrimônios e Equipamentos Culturais
NIT-50-157,facility,culture,Serra de Calaboca,Serra de Calaboca,,,-22.891878999726334,-42.947774999761705,Prefeitura Municipal de Niterói / SIGeo,Patrimônios e Equipamentos Culturais
NIT-50-159,facility,culture,Sitio Duna Grande,Itaipu - perto do Museu Arqueologico,,,-22.97151599939226,-43.04501899977381,Prefeitura Municipal de Niterói / SIGeo,Patrimônios e Equipamentos Culturais
NIT-50-160,facility,culture,Sociedade Fluminense de Fotografia,"Praca da Republica s/n, Centro",,,-22.89460199917255,-43.1170960003728,Prefeitura Municipal de Niterói / SIGeo,Patrimônios e Equipamentos Culturais
NIT-50-162,facility,culture,Solar Notre Reve (Casa Norival de Freitas),"R. Maestro Felicio Toledo, 474",,,-22.892337999056583,-43.12145799996954,Prefeitura Municipal de Niterói / SIGeo,Patrimônios e Equipamentos Culturais
NIT-50-161,facility,culture,Solar do Jambeiro,"R. Presidente Domiciano, 195 - Sao Domingos",,,-22.903260999361642,-43.128052000337654,Prefeitura Municipal de Niterói / SIGeo,Patrimônios e Equipamentos Culturais
NIT-50-163,facility,culture,Teatro Abel - La Salle,Av. Roberto Silveira 29 - Icarai,,,-22.900224999373343,-43.10935599965204,Prefeitura Municipal de Niterói / SIGeo,Patrimônios e Equipamentos Culturais
NIT-50-166,facility,culture,Teatro Eduarrdo Kraichete (Associacao Medica Fluminense),"Av. Roberto Silveira, 123 - Icarai",,,-22.90123599964835,-43.108602999570046,Prefeitura Municipal de Niterói / SIGeo,Patrimônios e Equipamentos Culturais
NIT-50-167,facility,culture,Teatro Municipal Joao Caetano,"R. Quinze de Novembro, 35, Centro",,,-22.895976999435952,-43.12328399997334,Prefeitura Municipal de Niterói / SIGeo,Patrimônios e Equipamentos Culturais
NIT-50-168,facility,culture,Teatro Popular Oscar Niemeyer (Caminho de Niemeyer – o Teatro Popular e todos os espacos vazios entre os predios e o mar),"Av. Jornalista Rogerio Coelho Neto, s/n, Centro",,,-22.889987999117807,-43.12832499968391,Prefeitura Municipal de Niterói / SIGeo,Patrimônios e Equipamentos Culturais
NIT-50-164,facility,culture,Teatro da UFF,"R. Miguel de Frias, 9 - Icarai",,,-22.903225999424436,-43.11652900047118,Prefeitura Municipal de Niterói / SIGeo,Patrimônios e Equipamentos Culturais
NIT-50-165,facility,culture,Teatro do SESC,R. Padre Anchieta 56 - Centro,,,-22.89821599968602,-43.12202700026593,Prefeitura Municipal de Niterói / SIGeo,Patrimônios e Equipamentos Culturais
NIT-50-169,facility,culture,Terminal Rodoviario Roberto Silveira,Av. Feliciano Sodre s/n,,,-22.885325999528543,-43.12192300030816,Prefeitura Municipal de Niterói / SIGeo,Patrimônios e Equipamentos Culturais
NIT-50-170,facility,culture,Toca da Gamba,"Travessa Carlos Gomes, 23 - Santana - Niteroi",,,-22.87558099953686,-43.10818799975984,Prefeitura Municipal de Niterói / SIGeo,Patrimônios e Equipamentos Culturais
NIT-50-171,facility,culture,Umbanda - Ano Novo e Dia de Iemanja,"Praias de Icarai, Flexas, Itaipu e Charitas",,,-22.907060999009733,-43.11326900042267,Prefeitura Municipal de Niterói / SIGeo,Patrimônios e Equipamentos Culturais
NIT-55-2,facility,education_childhood,NAEI Sebastião Luiz Tatagiba,"R. Bispo João da Mata, 18 - Fundos - Ititioca",Ititioca,,-22.896754984674136,-43.083603706075756,Prefeitura Municipal de Niterói / SIGeo,Unidade Municipal de Ensino Infantil
NIT-55-3,facility,education_childhood,NAEI Vila Ipiranga,"R. Tenente Osório, 73 - Fonseca",Fonseca,,-22.88024344508541,-43.092226455147795,Prefeitura Municipal de Niterói / SIGeo,Unidade Municipal de Ensino Infantil
NIT-55-1,facility,education_childhood,NAEI Ângela Fernandes,"R. Salomão Vergueiro da Cruz, 1.076 - Cafubá",Cafubá,,-22.934678275617582,-43.06848528644306,Prefeitura Municipal de Niterói / SIGeo,Unidade Municipal de Ensino Infantil
NIT-55-4,facility,education_childhood,UMEI Alberto Brandão,"R. Castro Alves, s/nº - Fonseca",Fonseca,,-22.88273145671081,-43.07389914396724,Prefeitura Municipal de Niterói / SIGeo,Unidade Municipal de Ensino Infantil
NIT-55-5,facility,education_childhood,UMEI Alberto de Oliveira,"R. Evaristo da Veiga, 108 - Centro",Centro,,-22.893078211574103,-43.11594528432264,Prefeitura Municipal de Niterói / SIGeo,Unidade Municipal de Ensino Infantil
NIT-55-6,facility,education_childhood,UMEI Almir Garcia da Silva,"R. Profº Roberto Lira, 09 - Maceió",Maceió,,-22.91386370032888,-43.07215318259254,Prefeitura Municipal de Niterói / SIGeo,Unidade Municipal de Ensino Infantil
NIT-55-7,facility,education_childhood,UMEI Antônio Vieira da Rocha,"R. Araújo Pimenta, s/nº - Morro do Estado",Morro do Estado,,-22.899246111221654,-43.11825782725513,Prefeitura Municipal de Niterói / SIGeo,Unidade Municipal de Ensino Infantil
NIT-55-8,facility,education_childhood,UMEI Darcy Ribeiro,"AV. Prefeito Silvio Picanço , 115 - Charitas",Charitas,,-22.934154604898048,-43.0999049917433,Prefeitura Municipal de Niterói / SIGeo,Unidade Municipal de Ensino Infantil
NIT-55-9,facility,education_childhood,UMEI Dr. Paulo César Pimentel,"R. Campo Belo, s/nº - Itaipu",Itaipu,,-22.96150940246391,-43.03276618033848,Prefeitura Municipal de Niterói / SIGeo,Unidade Municipal de Ensino Infantil
NIT-55-10,facility,education_childhood,UMEI Elenir Ramos Meirelles,"R. das Flores, 99 - Badu",Badu,,-22.900697573377812,-43.05139345816356,Prefeitura Municipal de Niterói / SIGeo,Unidade Municipal de Ensino Infantil
NIT-55-11,facility,education_childhood,UMEI Gabriela Mistral,"Est. Caetano Monteiro, 820 - Pendotiba",Badu,,-22.906226233169676,-43.05305918315557,Prefeitura Municipal de Niterói / SIGeo,Unidade Municipal de Ensino Infantil
NIT-55-12,facility,education_childhood,UMEI Geraldo Montedônio Bezerra de Menezes,"R. Dr. Mario Viana, 589 - Santa Rosa",Santa Rosa,,-22.90711227575722,-43.08883868086751,Prefeitura Municipal de Niterói / SIGeo,Unidade Municipal de Ensino Infantil
NIT-55-13,facility,education_childhood,UMEI Gov. Eduardo Campos,"R. Aurora Ribeiro, 8-A - Maria Paula",Maria Paula,,-22.881666077974806,-43.031161008596115,Prefeitura Municipal de Niterói / SIGeo,Unidade Municipal de Ensino Infantil
NIT-55-14,facility,education_childhood,UMEI Hermógenes Reis,"R. Nestor Perlingeiro, s/nº - Stª Bárbara",Santa Bárbara,,-22.87529285173283,-43.04889123042475,Prefeitura Municipal de Niterói / SIGeo,Unidade Municipal de Ensino Infantil
NIT-55-15,facility,education_childhood,UMEI Jacy Pacheco,"R. Monsenhor Reader, 150 - Barreto",Barreto,,-22.86652867265945,-43.10826268157775,Prefeitura Municipal de Niterói / SIGeo,Unidade Municipal de Ensino Infantil
NIT-55-16,facility,education_childhood,UMEI Jorge Najjar,"R. Bispo Dom João da Mata, n.7 -  Capim Melado - Caramujo",Ititioca,,-22.895276252468815,-43.088283324639164,Prefeitura Municipal de Niterói / SIGeo,Unidade Municipal de Ensino Infantil
NIT-55-17,facility,education_childhood,UMEI Julieta Botelho,"Alam. São Boaventura, 30 - Fonseca",Fonseca,,-22.880528634121955,-43.108536492441885,Prefeitura Municipal de Niterói / SIGeo,Unidade Municipal de Ensino Infantil
NIT-55-18,facility,education_childhood,UMEI Lisaura Machado Ruas,"R. Arthur Bento Moura, 79 - Badu",Badu,,-22.903096401903706,-43.05556011511568,Prefeitura Municipal de Niterói / SIGeo,Unidade Municipal de Ensino Infantil
NIT-55-19,facility,education_childhood,UMEI Lizete Fernandes Maciel,"Estrada Frei Orlando, 325 - Jacaré",Jacaré,,-22.936948980451753,-43.05478437875183,Prefeitura Municipal de Niterói / SIGeo,Unidade Municipal de Ensino Infantil
NIT-55-21,facility,education_childhood,UMEI Maria Luiza Da Cunha Sampaio,"Av Presidente  Roosevelt, 49 - São Francisco",São Francisco,,-22.91430278337561,-43.09356306709774,Prefeitura Municipal de Niterói / SIGeo,Unidade Municipal de Ensino Infantil
NIT-55-22,facility,education_childhood,UMEI Marly Sarney,"R. Ver. José Mª Cavalcanti, 866 - Stª Bárbara",Santa Bárbara,,-22.877909390923467,-43.04871740214003,Prefeitura Municipal de Niterói / SIGeo,Unidade Municipal de Ensino Infantil
NIT-55-20,facility,education_childhood,UMEI Mª Vitória Ayres Neves,"Rua XV de Novembro,179 - Centro",Centro,,-22.896554930550412,-43.11976671860312,Prefeitura Municipal de Niterói / SIGeo,Unidade Municipal de Ensino Infantil
NIT-55-23,facility,education_childhood,UMEI Neuza Brizola,"R. Prof. João Brasil, 1.960 - Engenhoca",Engenhoca,,-22.86621175538827,-43.08930426705546,Prefeitura Municipal de Niterói / SIGeo,Unidade Municipal de Ensino Infantil
NIT-55-24,facility,education_childhood,UMEI Olga Benário Prestes,"Prç. Irene Matos, s/nº - Engenho do Mato",Engenho do Mato,,-22.935464703382078,-43.00793148390262,Prefeitura Municipal de Niterói / SIGeo,Unidade Municipal de Ensino Infantil
NIT-55-25,facility,education_childhood,UMEI Portugal Pequeno,"R. Visconde de Itaboraí, 20 - Ponta da Areia",Ponta da Areia,,-22.8820519089535,-43.122773345928,Prefeitura Municipal de Niterói / SIGeo,Unidade Municipal de Ensino Infantil
NIT-55-26,facility,education_childhood,UMEI Prof. Denise Mendes Cardia,"R. José Bonifácio, 56 – São Domingos",São Domingos,,-22.90009696546051,-43.12913351262765,Prefeitura Municipal de Niterói / SIGeo,Unidade Municipal de Ensino Infantil
NIT-55-27,facility,education_childhood,UMEI Prof. Írio Molinari,"R. Jornalista Sardo Filho, 255-Ilha da Conceição",Ilha da Conceição,,-22.873409780730007,-43.11740568995755,Prefeitura Municipal de Niterói / SIGeo,Unidade Municipal de Ensino Infantil
NIT-55-29,facility,education_childhood,UMEI Profª Hilka de Araújo Peçanha,"R.Itaguaí, 148 – Santa Rosa",Santa Rosa,,-22.896892062258008,-43.10254931584805,Prefeitura Municipal de Niterói / SIGeo,Unidade Municipal de Ensino Infantil
NIT-55-30,facility,education_childhood,UMEI Profª Margareth Flores,"R. Albino Pereira, s/nº - Grota do Surucucu",Cachoeira,,-22.9102467211496,-43.0791933510507,Prefeitura Municipal de Niterói / SIGeo,Unidade Municipal de Ensino Infantil
NIT-55-31,facility,education_childhood,UMEI Profª Maria José Mansur Barbosa,"R. Magnólia Brazil, 68 - Fonseca",Fonseca,,-22.882435025302506,-43.101805039082926,Prefeitura Municipal de Niterói / SIGeo,Unidade Municipal de Ensino Infantil
NIT-55-32,facility,education_childhood,UMEI Profª Marilza da Conceição Rocha Medina,"Rua Dr. Conrado Barbosa, s/nº - V. Ipiranga",Vila Ipiranga,,-22.876387923473782,-43.09451198988571,Prefeitura Municipal de Niterói / SIGeo,Unidade Municipal de Ensino Infantil
NIT-55-33,facility,education_childhood,UMEI Profª Nina Rita Torres,"R. Dr. Acúrcio Torres, 691 - Piratininga",Piratininga,,-22.951959110005006,-43.086161503653614,Prefeitura Municipal de Niterói / SIGeo,Unidade Municipal de Ensino Infantil
NIT-55-34,facility,education_childhood,UMEI Profª Odete Rosa da Mota,"R. Cícero Barreto, 39 (antiga R. 30) - Itaipu",Itaipu,,-22.953240160248892,-43.02856635433241,Prefeitura Municipal de Niterói / SIGeo,Unidade Municipal de Ensino Infantil
NIT-55-35,facility,education_childhood,UMEI Profª Regina Leite Garcia,"Rua Teixeira de Freitas, 380 - Fonseca",Fonseca,,-22.874527359527825,-43.07498940323167,Prefeitura Municipal de Niterói / SIGeo,Unidade Municipal de Ensino Infantil
NIT-55-28,facility,education_childhood,UMEI Profª Áurea Trindade Pimentel de Menezes,"R. Rubem Assis Bonfim, 39 - Itaipu",Itaipu,,-22.935558521639912,-43.0226512993603,Prefeitura Municipal de Niterói / SIGeo,Unidade Municipal de Ensino Infantil
NIT-55-36,facility,education_childhood,UMEI Profº Iguatemi Coquinot de Alcântara Nunes,"R. Orêncio de Freitas, s/nº - Morro dos Marítimos",Barreto,,-22.865199724087546,-43.095272254808975,Prefeitura Municipal de Niterói / SIGeo,Unidade Municipal de Ensino Infantil
NIT-55-37,facility,education_childhood,UMEI Profº Nilo Neves,"R. Silveira da Mota, s/nº - São Lourenço",Boa Vista,,-22.88710828568549,-43.10749993228404,Prefeitura Municipal de Niterói / SIGeo,Unidade Municipal de Ensino Infantil
NIT-55-38,facility,education_childhood,UMEI Renata Gonçalves Magaldi,"Travessa Aires Lemos, s/nº - Fonseca",Fonseca,,-22.87781155808004,-43.0777497229051,Prefeitura Municipal de Niterói / SIGeo,Unidade Municipal de Ensino Infantil
NIT-55-39,facility,education_childhood,UMEI Rosalda Paim,"R.Dr. Celestino, 78 - Centro",Centro,,-22.895432479583018,-43.1164878178153,Prefeitura Municipal de Niterói / SIGeo,Unidade Municipal de Ensino Infantil
NIT-55-40,facility,education_childhood,UMEI Rosalina de Araújo,"R. Galvão, 193 - Barreto",Barreto,,-22.86453674337835,-43.100241390039415,Prefeitura Municipal de Niterói / SIGeo,Unidade Municipal de Ensino Infantil
NIT-55-41,facility,education_childhood,UMEI Senador Vasconcelos Torres,"R. Santos Moreira, 58 – Santa Rosa",Santa Rosa,,-22.90388990161759,-43.091203681072344,Prefeitura Municipal de Niterói / SIGeo,Unidade Municipal de Ensino Infantil
NIT-55-42,facility,education_childhood,UMEI Vale Feliz,R. Renato Pereira Machado- s/n - Engenho do Mato,Engenho do Mato,,-22.944062085458206,-43.01666814026756,Prefeitura Municipal de Niterói / SIGeo,Unidade Municipal de Ensino Infantil
NIT-55-43,facility,education_childhood,UMEI Vice-Prefeito Luiz Eduardo Travassos do Carmo,"R. A, 80 - Caramujo",Caramujo,,-22.893290248010917,-43.07337972315143,Prefeitura Municipal de Niterói / SIGeo,Unidade Municipal de Ensino Infantil
NIT-55-44,facility,education_childhood,UMEI Vinícius de Moraes,"Est. Washington Luiz, Qd 2, Lt 1, 2 e 3 - Sapê",Sapê,,-22.897270044541422,-43.0590837296369,Prefeitura Municipal de Niterói / SIGeo,Unidade Municipal de Ensino Infantil
NIT-55-45,facility,education_childhood,UMEI Zilda Arns Neumman,"R. Pastor José Gomes, n.º 502 - Caramujo",Caramujo,,-22.88503485464484,-43.06281497932342,Prefeitura Municipal de Niterói / SIGeo,Unidade Municipal de Ensino Infantil
NIT-60-1,facility,education_municipal,E.M. Adelino Magalhães,"R. Dr. Nelson Penna, 17 - Engenhoca",Engenhoca,,-22.874038743029498,-43.09439860089214,Prefeitura Municipal de Niterói / SIGeo,Escolas Municipais
NIT-60-2,facility,education_municipal,E.M. Altivo César,"R. Dr. Luiz Palmier, 25 - Barreto",Barreto,,-22.864620512277423,-43.099694537922126,Prefeitura Municipal de Niterói / SIGeo,Escolas Municipais
NIT-60-4,facility,education_municipal,E.M. Antinéia Silveira Miranda,"Rodovia Amaral Peixoto, KM 02 - Caramujo",Caramujo,,-22.882714530023588,-43.065069900443596,Prefeitura Municipal de Niterói / SIGeo,Escolas Municipais
NIT-60-5,facility,education_municipal,E.M. Antônio Coutinho de Azevedo,"R.Nestor Perlingeiro, s/nº - Stª Bárbara",Santa Bárbara,,-22.875617251535466,-43.04589488763792,Prefeitura Municipal de Niterói / SIGeo,Escolas Municipais
NIT-60-3,facility,education_municipal,E.M. Anísio Teixeira,"Trav. Manoel Continentino, 31 - São Domingos",São Domingos,,-22.898904173185155,-43.12753188169989,Prefeitura Municipal de Niterói / SIGeo,Escolas Municipais
NIT-60-6,facility,education_municipal,E.M. Ayrton Senna,"R. Altamiro José Cabral, s/nº - Morro do Estado",Morro do Estado,,-22.899067846202897,-43.11845522474706,Prefeitura Municipal de Niterói / SIGeo,Escolas Municipais
NIT-60-7,facility,education_municipal,E.M. Demenciano Antônio de Moura,"Trav. Magnólia Brasil, s/nº - Fonseca",Fonseca,,-22.88438917812867,-43.09908801524272,Prefeitura Municipal de Niterói / SIGeo,Escolas Municipais
NIT-60-8,facility,education_municipal,E.M. Diógenes R. de Mendonça,"Est. Caetano Monteiro, s/nº - Pendotiba",Maria Paula,,-22.88165509395763,-43.030274341721835,Prefeitura Municipal de Niterói / SIGeo,Escolas Municipais
NIT-60-9,facility,education_municipal,E.M. Djalma Coutinho de Oliveira,"R. Cinco de Março, 75- Fonseca",Fonseca,,-22.872210484009365,-43.07754598199953,Prefeitura Municipal de Niterói / SIGeo,Escolas Municipais
NIT-60-10,facility,education_municipal,E.M. Dom José Pereira Alves,"R. Tenente Osório, 73 - Fonseca",Fonseca,,-22.878255176623107,-43.09208857181395,Prefeitura Municipal de Niterói / SIGeo,Escolas Municipais
NIT-60-11,facility,education_municipal,E.M. Dr. Alberto Francisco Torres,"R. Prof. Ismael Coutinho, 88 - Centro",Centro,,-22.89571153951747,-43.117175978775435,Prefeitura Municipal de Niterói / SIGeo,Escolas Municipais
NIT-60-12,facility,education_municipal,E.M. Ernani Moreira Franco,"R. Bonfim, s/nº - Fonseca",Fonseca,,-22.880666242637346,-43.07486385194738,Prefeitura Municipal de Niterói / SIGeo,Escolas Municipais
NIT-60-13,facility,education_municipal,E.M. Eulália da Silveira Bragança,"Estrada Frei Orlando, s/nº - Piratininga",Jacaré,,-22.937131219189016,-43.05491826702636,Prefeitura Municipal de Niterói / SIGeo,Escolas Municipais
NIT-60-14,facility,education_municipal,E.M. Felisberto de Carvalho,"Est. Caetano Monteiro, 896 - Pendotiba",Vila Progresso,,-22.89666181838139,-43.03896590076233,Prefeitura Municipal de Niterói / SIGeo,Escolas Municipais
NIT-60-15,facility,education_municipal,E.M. Francisco Portugal Neves,"R. Quatorze, 14 - Piratininga",Piratininga,,-22.94230290617037,-43.05693080456247,Prefeitura Municipal de Niterói / SIGeo,Escolas Municipais
NIT-60-16,facility,education_municipal,E.M. Governador Roberto Silveira,"Lot. Bento Pestana, s/nº - Morro do Castro",Baldeador,,-22.868678040628026,-43.069205628155544,Prefeitura Municipal de Niterói / SIGeo,Escolas Municipais
NIT-60-17,facility,education_municipal,E.M. Helena Antipoff,"Av. Rui Barbosa, 388 - São Francisco",São Francisco,,-22.91294865268244,-43.07860939445863,Prefeitura Municipal de Niterói / SIGeo,Escolas Municipais
NIT-60-18,facility,education_municipal,E.M. Heloneida Studart,"Est. da Serrinha, s/nº - Várzea das Moças",Várzea das Moças,,-22.91419717336333,-42.9826942938204,Prefeitura Municipal de Niterói / SIGeo,Escolas Municipais
NIT-60-19,facility,education_municipal,E.M. Honorina de Carvalho,"R. Prof. José Peçanha, s/nº - Pendotiba",Maria Paula,,-22.88232985744268,-43.0264346730843,Prefeitura Municipal de Niterói / SIGeo,Escolas Municipais
NIT-60-20,facility,education_municipal,E.M. Jacinta Medela,"R. Tenente Osório, 10 - Fonseca",Fonseca,,-22.878975589000312,-43.091922577428974,Prefeitura Municipal de Niterói / SIGeo,Escolas Municipais
NIT-60-22,facility,education_municipal,E.M. José de Anchieta,"R. B e D, s/nº - Morro do Céu",Caramujo,,-22.893752186029683,-43.06680415182607,Prefeitura Municipal de Niterói / SIGeo,Escolas Municipais
NIT-60-21,facility,education_municipal,E.M. João Brazil,"Lot. Bento Pestana, s/nº - Morro do Castro",Baldeador,,-22.86832092317395,-43.06954199121135,Prefeitura Municipal de Niterói / SIGeo,Escolas Municipais
NIT-60-23,facility,education_municipal,E.M. Julia Cortines,"R. Lopes Trovão,s/nº - Icaraí",Icaraí,,-22.904187572095104,-43.10853982602801,Prefeitura Municipal de Niterói / SIGeo,Escolas Municipais
NIT-60-24,facility,education_municipal,E.M. Levi Carneiro,"Estrada do Sapê, 488 - Pendotiba",Sapê,,-22.896177235128807,-43.0583293103298,Prefeitura Municipal de Niterói / SIGeo,Escolas Municipais
NIT-60-25,facility,education_municipal,E.M. Maestro Heitor Villa Lobos,"R. Salo Brand, s/nº - Ilha da Conceição",Ilha da Conceição,,-22.87302832207888,-43.115695817593455,Prefeitura Municipal de Niterói / SIGeo,Escolas Municipais
NIT-60-26,facility,education_municipal,E.M. Maralegre,"R. 65, L. 10 e 11, Q. 87 - Cafubá",Cafubá,,-22.936351388239913,-43.07241005814963,Prefeitura Municipal de Niterói / SIGeo,Escolas Municipais
NIT-60-27,facility,education_municipal,E.M. Mestra Fininha,"R. Dr. Luiz Palmier, 100 - Barreto",Barreto,,-22.86460758872847,-43.098613091295434,Prefeitura Municipal de Niterói / SIGeo,Escolas Municipais
NIT-60-28,facility,education_municipal,E.M. Noronha Santos,"R. Henrique Lage, 184 - Fonseca",Fonseca,,-22.872744334042384,-43.084369639579506,Prefeitura Municipal de Niterói / SIGeo,Escolas Municipais
NIT-60-29,facility,education_municipal,E.M. Nossa Senhora da Penha,"Lad. Major Rocha, s/nº - Ponta da Areia",Ponta da Areia,,-22.881070369676433,-43.123771156806754,Prefeitura Municipal de Niterói / SIGeo,Escolas Municipais
NIT-60-30,facility,education_municipal,E.M. Padre Leonel Franca,"R. Santos Moreira, 58 - Santa Rosa",Santa Rosa,,-22.90389118972143,-43.09131088092481,Prefeitura Municipal de Niterói / SIGeo,Escolas Municipais
NIT-60-31,facility,education_municipal,E.M. Paulo Freire,"R. Soares de Miranda, 77 - Fonseca",Fonseca,,-22.882926581504815,-43.082569990211496,Prefeitura Municipal de Niterói / SIGeo,Escolas Municipais
NIT-60-32,facility,education_municipal,E.M. Profª Bolívia de Lima Gaétho,"Est. Sen. Fernando da Cunha, s/nº - Rio do Ouro",Rio do Ouro,,-22.90255896967297,-42.99775943628364,Prefeitura Municipal de Niterói / SIGeo,Escolas Municipais
NIT-60-33,facility,education_municipal,E.M. Profª Elvira Lúcia Esteves de Vasconcelo,"Trav. Emílio Andrada, 2 - Icaraí",Icaraí,,-22.910991896586246,-43.10363002613203,Prefeitura Municipal de Niterói / SIGeo,Escolas Municipais
NIT-60-34,facility,education_municipal,E.M. Profª Lúcia Mª da Silveira Rocha,"R. Carlos Ermelindo Marins, 34 - Jurujuba",Jurujuba,,-22.9353621383714,-43.10271548194393,Prefeitura Municipal de Niterói / SIGeo,Escolas Municipais
NIT-60-37,facility,education_municipal,E.M. Profª Mª Felisberta Baptista da Trindade,"R. Prof. João Brasil, 2.000 - Engenhoca",Engenhoca,,-22.866395251352024,-43.08954531215224,Prefeitura Municipal de Niterói / SIGeo,Escolas Municipais
NIT-60-36,facility,education_municipal,E.M. Profª Mª de Lourdes Barbosa Santos,"R. Leite Ribeiro, 120 - Fonseca",Fonseca,,-22.883968178730843,-43.09409430218958,Prefeitura Municipal de Niterói / SIGeo,Escolas Municipais
NIT-60-35,facility,education_municipal,E.M. Profª Mª Ângela Moreira Pinto,"R. Tupiniquis, 392 - São Francisco",São Francisco,,-22.91662338334009,-43.09129828725276,Prefeitura Municipal de Niterói / SIGeo,Escolas Municipais
NIT-60-38,facility,education_municipal,E.M. Profº André Trouche,"R. Dr. Luiz Palmier, 100 - Barreto",Barreto,,-22.864699505171007,-43.09874823339881,Prefeitura Municipal de Niterói / SIGeo,Escolas Municipais
NIT-60-39,facility,education_municipal,E.M. Profº Dario de Souza Castello,"Rua: Alice Picanço, 21- Itaipu",Itaipu,,-22.948322500945274,-43.03248892030906,Prefeitura Municipal de Niterói / SIGeo,Escolas Municipais
NIT-60-40,facility,education_municipal,E.M. Profº Horácio Pacheco,"Av. Celso Peçanha, s/nº - Cantagalo",Cantagalo,,-22.90972743345449,-43.05139109891562,Prefeitura Municipal de Niterói / SIGeo,Escolas Municipais
NIT-60-41,facility,education_municipal,E.M. Profº Marcos Waldemar de Freitas Reis,"R. Antônio Luiz Saião, s/nº - Itaipu",Itaipu,,-22.961783149953785,-43.03299624520615,Prefeitura Municipal de Niterói / SIGeo,Escolas Municipais
NIT-60-42,facility,education_municipal,E.M. Profº Paulo de Almeida Campos,"R. Gal. Pereira da Silva, 50 - Icaraí",Icaraí,,-22.904784458925423,-43.11317126387755,Prefeitura Municipal de Niterói / SIGeo,Escolas Municipais
NIT-60-43,facility,education_municipal,E.M. Rachide da G. Salim Saker,"R. Jandira Pereira, 620/623 - Stª Bárbara",Santa Bárbara,,-22.876108868134644,-43.049162172629984,Prefeitura Municipal de Niterói / SIGeo,Escolas Municipais
NIT-60-44,facility,education_municipal,E.M. Santos Dumont,"R. Manoel Corrêa, s/nº - Bairro de Fátima",Bairro de Fátima,,-22.895347299744436,-43.10931546467124,Prefeitura Municipal de Niterói / SIGeo,Escolas Municipais
NIT-60-45,facility,education_municipal,E.M. Sebastiana G. Pinho,"Est. Viçoso Jardim, s/nº - Viçoso Jardim",Caramujo,,-22.89321882671359,-43.082405852804676,Prefeitura Municipal de Niterói / SIGeo,Escolas Municipais
NIT-60-46,facility,education_municipal,E.M. Sítio do Ipê,"R. Prof. José Peçanha, s/nº - Pendotiba",Matapaca,,-22.88224284141437,-43.02669905607695,Prefeitura Municipal de Niterói / SIGeo,Escolas Municipais
NIT-60-47,facility,education_municipal,E.M. Tiradentes,"R. Dr. March, 628 - Tenente Jardim",Tenente Jardim,,-22.863443428594852,-43.084373416653776,Prefeitura Municipal de Niterói / SIGeo,Escolas Municipais
NIT-60-48,facility,education_municipal,E.M. Vera Lúcia Machado,"R. Ademar de Paiva, 7 e 8 - Badu",Badu,,-22.904745124063872,-43.05009773210521,Prefeitura Municipal de Niterói / SIGeo,Escolas Municipais
NIT-60-49,facility,education_municipal,E.M. Vila Costa Monteiro,"R. Ititioca, s/nº - Ititioca",Ititioca,,-22.89641373757162,-43.077780039178684,Prefeitura Municipal de Niterói / SIGeo,Escolas Municipais
NIT-65-1,facility,education_state,CE Almirante Tamandaré,"Av. Acúrcio Torres, s/n",Piratininga,,-22.951326741772693,-43.091690578983204,Prefeitura Municipal de Niterói / SIGeo,Escolas Estaduais
NIT-65-4,facility,education_state,CE Aurelino Leal,"Rua Presidente Pedreira, 79",Ingá,,-22.90330048426504,-43.12549781465504,Prefeitura Municipal de Niterói / SIGeo,Escolas Estaduais
NIT-65-2,facility,education_state,CE Baltazar Bernardino,"Rua Mariz e Barros, 444",Icaraí,,-22.903157552180534,-43.10121145987333,Prefeitura Municipal de Niterói / SIGeo,Escolas Estaduais
NIT-65-3,facility,education_state,CE Brigadeiro Castrioto,"Rua Professora Emylce, s/n",São Lourenço,,-22.883228304294448,-43.11086968309119,Prefeitura Municipal de Niterói / SIGeo,Escolas Estaduais
NIT-65-5,facility,education_state,CE Cizínio Soares Pinto,"Avenida Presidente Roosevelt, 2",São Francisco,,-22.914789416371395,-43.09407156523006,Prefeitura Municipal de Niterói / SIGeo,Escolas Estaduais
NIT-65-401,facility,education_state,CE Conselheiro Josino,"Rua Teixeira de Freitas, 421",Fonseca,,-22.873367854320882,-43.074941837997926,Prefeitura Municipal de Niterói / SIGeo,Escolas Estaduais
NIT-65-6,facility,education_state,CE Conselheiro Macedo Soares,"Rua Dr. March, 392",Barreto,,-22.862820010381796,-43.0922633687002,Prefeitura Municipal de Niterói / SIGeo,Escolas Estaduais
NIT-65-8,facility,education_state,CE David Capistrano,"Rua Prof Maria M Peixoto, s/n",Santa Bárbara,,-22.876823019047627,-43.04798036644022,Prefeitura Municipal de Niterói / SIGeo,Escolas Estaduais
NIT-65-10,facility,education_state,CE Dr Souza Soares,"Rodovia Amaral Peixoto, s/n",Varzea das Moças,,-22.90619783361027,-42.97778677381872,Prefeitura Municipal de Niterói / SIGeo,Escolas Estaduais
NIT-65-9,facility,education_state,CE Dr. Luciano Pestre,"Av.Pastor José Gomes de Souza, s/n",Caramujo,,-22.883982943700346,-43.0626916124634,Prefeitura Municipal de Niterói / SIGeo,Escolas Estaduais
NIT-65-12,facility,education_state,CE Duque De Caxias,"Rua Albino Pereira, 300",Cachoeira,,-22.909783269251637,-43.07770780017368,Prefeitura Municipal de Niterói / SIGeo,Escolas Estaduais
NIT-65-11,facility,education_state,CE Embaixador Raul Fernandes,"Rua Riodades, 253",Fonseca,,-22.876729113383274,-43.082135680291486,Prefeitura Municipal de Niterói / SIGeo,Escolas Estaduais
NIT-65-14,facility,education_state,CE Fernando Magalhães,"Av. Carlos Ermelindo Marins, 50",Jurujuba,,-22.9329636673287,-43.11431783078859,Prefeitura Municipal de Niterói / SIGeo,Escolas Estaduais
NIT-65-13,facility,education_state,CE Guilherme Briggs,"Rua Dr. Mario Viana, 625",Santa Rosa,,-22.905225942994814,-43.08976537015226,Prefeitura Municipal de Niterói / SIGeo,Escolas Estaduais
NIT-65-15,facility,education_state,CE Hilário Ribeiro,"Alameda São Boa ventura, 794",Fonseca,,-22.881397303689543,-43.090229895019355,Prefeitura Municipal de Niterói / SIGeo,Escolas Estaduais
NIT-65-16,facility,education_state,CE Joaquim Távora,"Parque Prefeito Ferraz, s/n",Icaraí,,-22.90501884882515,-43.108423489834415,Prefeitura Municipal de Niterói / SIGeo,Escolas Estaduais
NIT-65-17,facility,education_state,CE José Bonifácio,"Rua Doutor Carlos Maximiano, s/n",São Lourenço,,-22.88295412200613,-43.10585310627886,Prefeitura Municipal de Niterói / SIGeo,Escolas Estaduais
NIT-65-18,facility,education_state,CE Leopoldo Fróes,"Rua Reverendo Armando Ferreira, s/n",Maceió,,-22.910164686435913,-43.06797244188967,Prefeitura Municipal de Niterói / SIGeo,Escolas Estaduais
NIT-65-19,facility,education_state,CE Machado De Assis,"Rua Desembargador Lima Castro, 97",Fonseca,,-22.883483242061907,-43.08581364501442,Prefeitura Municipal de Niterói / SIGeo,Escolas Estaduais
NIT-65-20,facility,education_state,CE Manuel de Abreu,"Rua Lopes Trovão, 287",Icaraí,,-22.902273281224183,-43.10718346719021,Prefeitura Municipal de Niterói / SIGeo,Escolas Estaduais
NIT-65-21,facility,education_state,CE Maria Pereira Das Neves,"Trav. Doutor João Leitão, s/n",Charitas,,-22.93358560983452,-43.098829278720814,Prefeitura Municipal de Niterói / SIGeo,Escolas Estaduais
NIT-65-22,facility,education_state,CE Matemático Joaquim Gomes de Souza- Brasil/China,"Avenida Professor Silvio Picanço, s/n",Charitas,,-22.934033520135763,-43.09966208778241,Prefeitura Municipal de Niterói / SIGeo,Escolas Estaduais
NIT-65-24,facility,education_state,CE Mullulo da Veiga,"Rua Coronel Guimarães, 505",Engenhoca,,-22.870406184073296,-43.09909976650473,Prefeitura Municipal de Niterói / SIGeo,Escolas Estaduais
NIT-65-23,facility,education_state,CE Paulo Assis Ribeiro,"Estrada Caetano Monteiro, 814",Badu,,-22.90684865582247,-43.057113246366896,Prefeitura Municipal de Niterói / SIGeo,Escolas Estaduais
NIT-65-25,facility,education_state,CE Pinto Lima,"Rua São João, 127",Centro,,-22.891021650022882,-43.12064413767227,Prefeitura Municipal de Niterói / SIGeo,Escolas Estaduais
NIT-65-26,facility,education_state,CE Profª Alcina Rodrigues Lima,"Estrada Francisco da Cruz Nunes, s/n",Itaipu,,-22.9527833351846,-43.02833764765481,Prefeitura Municipal de Niterói / SIGeo,Escolas Estaduais
NIT-65-27,facility,education_state,CE Raul Vidal,"Rua Dr. Fróes da Cruz, s/n",Centro,,-22.886302539177702,-43.1247447573792,Prefeitura Municipal de Niterói / SIGeo,Escolas Estaduais
NIT-65-28,facility,education_state,CE Zuleika Raposo Valladares,"Rua Salo Brand, s/n",Ilha da Conceição,,-22.872932874074856,-43.114766997105825,Prefeitura Municipal de Niterói / SIGeo,Escolas Estaduais
NIT-65-29,facility,education_state,CEJA Niteroi,"Av. Ernani Do Amaral Peixoto, 707",Centro,,-22.893542696137885,-43.11626446723215,Prefeitura Municipal de Niterói / SIGeo,Escolas Estaduais
NIT-65-31,facility,education_state,CIEP 307 Djanira,"Av. Ewerton Xavier, 417",Varzea das Moças,,-22.910021112876365,-42.98511678908205,Prefeitura Municipal de Niterói / SIGeo,Escolas Estaduais
NIT-65-33,facility,education_state,CIEP 449 Gov. Leonel De Moura Brizola,"Rua Carlos Ermelindo Martins, s/n",Charitas,,-22.933131363682833,-43.09812667495016,Prefeitura Municipal de Niterói / SIGeo,Escolas Estaduais
NIT-65-32,facility,education_state,CIEP B.448 Ruy Frazão Soares,"Av. Irene Lopes Sodré, s/n",Engenho do Mato,,-22.93568666664745,-43.00930887563335,Prefeitura Municipal de Niterói / SIGeo,Escolas Estaduais
NIT-65-30,facility,education_state,CIEP Brizolão 251 Dona Maria Portugal,"Rodovia  Amaral Peixoto, km 3",Baldeador,,-22.87701387897938,-43.05578693750179,Prefeitura Municipal de Niterói / SIGeo,Escolas Estaduais
NIT-65-34,facility,education_state,CIEP Brizolão 450 Emiliano Di Cavalcanti,"Estrada Caetano Monteiro, s/n",Badu,,-22.907030009936094,-43.05662093989847,Prefeitura Municipal de Niterói / SIGeo,Escolas Estaduais
NIT-65-35,facility,education_state,EE Doutor Memoria,"Rua Noronha Torrezão, 625",Cubango,,-22.88929441166281,-43.093744625393875,Prefeitura Municipal de Niterói / SIGeo,Escolas Estaduais
NIT-65-36,facility,education_state,EE Menezes Vieira,"Rua Assis de Vasconcelos, 30",Barreto,,-22.86934489756487,-43.10345255428266,Prefeitura Municipal de Niterói / SIGeo,Escolas Estaduais
NIT-65-37,facility,education_state,EE São Domingos Sávio,"Rua Dr. Martins Torres, 223",Santa Rosa,,-22.89880077381996,-43.09272670583388,Prefeitura Municipal de Niterói / SIGeo,Escolas Estaduais
NIT-65-38,facility,education_state,EEEE Anne Sullivan,"Rua São João, 127",Centro,,-22.891059140504247,-43.12063947705323,Prefeitura Municipal de Niterói / SIGeo,Escolas Estaduais
NIT-65-40,facility,education_state,EEEE Prof. Álvaro Caetano De Oliveira,"Trav. Mululo Da Veiga, 41",Barreto,,-22.862690870919614,-43.09997192030395,Prefeitura Municipal de Niterói / SIGeo,Escolas Estaduais
NIT-65-39,facility,education_state,IE Professor Ismael Coutinho,"Trav. Manuel Continentino, 32",São Domingos,,-22.899463319024594,-43.12728932206468,Prefeitura Municipal de Niterói / SIGeo,Escolas Estaduais
NIT-65-41,facility,education_state,Liceu Nilo Peçanha,"Av. Ernani do Amaral Peixoto, 707",Centro,,-22.89354777960496,-43.115988457253636,Prefeitura Municipal de Niterói / SIGeo,Escolas Estaduais
NIT-115-2868,facility,family_health,MMF Deputado Jose Sally,,Baldeador,24140-150,-22.86903693276178,-43.069396536353466,Prefeitura Municipal de Niterói / SIGeo,Rede Programa Médico de Família
NIT-115-2845,facility,family_health,MMF Maria Paula e Matapaca Dr Abelardo Ramirez,,Maria Paula,24320-610,-22.882054579919235,-43.03139567705024,Prefeitura Municipal de Niterói / SIGeo,Rede Programa Médico de Família
NIT-115-2858,facility,family_health,MMF da Colonia,,Itaipu,24340-330,-22.97115582121897,-43.04523603768773,Prefeitura Municipal de Niterói / SIGeo,Rede Programa Médico de Família
NIT-115-2850,facility,family_health,MMF da Grota I Jose Marti I,,São Francisco,24365-170,-22.908971686857697,-43.07595704206356,Prefeitura Municipal de Niterói / SIGeo,Rede Programa Médico de Família
NIT-115-2851,facility,family_health,MMF da Grota II Jose Marti II,,São Francisco,24365-170,-22.912112360330713,-43.08059686706891,Prefeitura Municipal de Niterói / SIGeo,Rede Programa Médico de Família
NIT-115-2881,facility,family_health,MMF da Ilha da Conceicao Dr Ruy Carlos Decnop Celia Sanchez,,Ilha da Conceição,24050-100,-22.8725504899903,-43.11622444673461,Prefeitura Municipal de Niterói / SIGeo,Rede Programa Médico de Família
NIT-115-2877,facility,family_health,MMF da Ititioca Dr Wilson de Oliveira,,Ititioca,24315-070,-22.895596417026606,-43.07763126498642,Prefeitura Municipal de Niterói / SIGeo,Rede Programa Médico de Família
NIT-115-2873,facility,family_health,MMF da Leopoldina Julio Dias Gonzales,,Barreto,24110-125,-22.86972019068706,-43.10685347434621,Prefeitura Municipal de Niterói / SIGeo,Rede Programa Médico de Família
NIT-115-2871,facility,family_health,MMF da Nova Brasilia Antonio Nico Lopez,,Engenhoca,24110-491,-22.86661117636758,-43.08968535675075,Prefeitura Municipal de Niterói / SIGeo,Rede Programa Médico de Família
NIT-115-2880,facility,family_health,MMF da Ponta da Areia,,Ponta da Areia,24040-025,-22.88322236478912,-43.124900260614645,Prefeitura Municipal de Niterói / SIGeo,Rede Programa Médico de Família
NIT-115-2879,facility,family_health,MMF da Teixeira de Freitas Dr Antonio Pecanha,,Fonseca,24130-616,-22.874551329380807,-43.075054047889076,Prefeitura Municipal de Niterói / SIGeo,Rede Programa Médico de Família
NIT-115-2870,facility,family_health,MMF da Vila Ipiranga Vilma Espin,,Fonseca,24130-209,-22.878456073437107,-43.09211268352856,Prefeitura Municipal de Niterói / SIGeo,Rede Programa Médico de Família
NIT-115-2846,facility,family_health,MMF de Jurujuba Mario Munhoz Monroe,,Jurujuba,24370-195,-22.93307475833886,-43.114813928317965,Prefeitura Municipal de Niterói / SIGeo,Rede Programa Médico de Família
NIT-115-2875,facility,family_health,MMF de Varzea das Mocas Dr Tobias Tostes Machado,,Rio do Ouro,24330-000,-22.903351582063472,-42.985648677525326,Prefeitura Municipal de Niterói / SIGeo,Rede Programa Médico de Família
NIT-115-2855,facility,family_health,MMF do Alarico Dr Omar Marinho Vieira,,Santa Rosa,24315-000,-22.90072931279873,-43.08616959016578,Prefeitura Municipal de Niterói / SIGeo,Rede Programa Médico de Família
NIT-115-2843,facility,family_health,MMF do Atalaia Salvador Allende,,Ititioca,24315-010,-22.899616541545814,-43.07966825316622,Prefeitura Municipal de Niterói / SIGeo,Rede Programa Médico de Família
NIT-115-2842,facility,family_health,MMF do Badu Dr Barros Terra Prof Barros Terra,,Badu,24320-150,-22.90834408320928,-43.049993515295476,Prefeitura Municipal de Niterói / SIGeo,Rede Programa Médico de Família
NIT-115-2869,facility,family_health,MMF do Bernardino Raul Carlos Pareto Jr,,Fonseca,24120-297,-22.883828069133006,-43.08290173736962,Prefeitura Municipal de Niterói / SIGeo,Rede Programa Médico de Família
NIT-115-2862,facility,family_health,MMF do Cafuba I Ernesto Che Guevara I,,Piratininga,24350-630,-22.937285050791264,-43.069936862492014,Prefeitura Municipal de Niterói / SIGeo,Rede Programa Médico de Família
NIT-115-2861,facility,family_health,MMF do Cafuba II Ernesto Che Guevara II,,Cafubá,24350-050,-22.934462206206984,-43.07147578935717,Prefeitura Municipal de Niterói / SIGeo,Rede Programa Médico de Família
NIT-115-2863,facility,family_health,MMF do Cafuba III Alberto Ricardo Hatin,,Piratininga,24350-401,-22.942375438765136,-43.05641967648404,Prefeitura Municipal de Niterói / SIGeo,Rede Programa Médico de Família
NIT-115-2840,facility,family_health,MMF do Cantagalo Haidee Santamaria,,Cantagalo,24322-385,-22.91109752595337,-43.04732514818445,Prefeitura Municipal de Niterói / SIGeo,Rede Programa Médico de Família
NIT-115-2867,facility,family_health,MMF do Caramujo Dr Aloisio Brazil,,Caramujo,24140-395,-22.883763140205584,-43.0624011218198,Prefeitura Municipal de Niterói / SIGeo,Rede Programa Médico de Família
NIT-115-2849,facility,family_health,MMF do Cavalao Frank Pais Garcia,,São Francisco,24360-018,-22.91166658226737,-43.0998451484788,Prefeitura Municipal de Niterói / SIGeo,Rede Programa Médico de Família
NIT-115-2882,facility,family_health,MMF do Coronel Leoncio Dr Claudio do Amaral Junior,,Engenhoca,24130-081,-22.87255178302963,-43.09441457626838,Prefeitura Municipal de Niterói / SIGeo,Rede Programa Médico de Família
NIT-115-2859,facility,family_health,MMF do Engenho do Mato Willian Soller,,Engenho do Mato,24346-040,-22.93468856063956,-43.008625851920954,Prefeitura Municipal de Niterói / SIGeo,Rede Programa Médico de Família
NIT-115-2878,facility,family_health,MMF do Jacare Enoc Joaquim de Oliveira,,Jacaré,24350-200,-22.926432966636096,-43.042407707893624,Prefeitura Municipal de Niterói / SIGeo,Rede Programa Médico de Família
NIT-115-2866,facility,family_health,MMF do Jonathas Botelho Jose Suares Blanco,,Cubango,24240-415,-22.892135087518604,-43.092425901288166,Prefeitura Municipal de Niterói / SIGeo,Rede Programa Médico de Família
NIT-115-2841,facility,family_health,MMF do Maceio,,Maceió,24310-050,-22.90971615200868,-43.06898178703607,Prefeitura Municipal de Niterói / SIGeo,Rede Programa Médico de Família
NIT-115-2860,facility,family_health,MMF do Maravista Cte Manoel Pineiro Lozada,,Maravista,24342-410,-22.93688958106161,-43.031851679685126,Prefeitura Municipal de Niterói / SIGeo,Rede Programa Médico de Família
NIT-115-2872,facility,family_health,MMF do Maritimos Carlos Rafael Rodriguez,,Barreto,24111-000,-22.865353917368303,-43.095317871859855,Prefeitura Municipal de Niterói / SIGeo,Rede Programa Médico de Família
NIT-115-2857,facility,family_health,MMF do Martins Torres Dr Joao Vasconcellos,,Santa Rosa,24240-705,-22.898657295374736,-43.09119399739806,Prefeitura Municipal de Niterói / SIGeo,Rede Programa Médico de Família
NIT-115-2874,facility,family_health,MMF do Marui Jorge Luiz Camacho Rodrigues,,Barreto,24110-814,-22.86627116325705,-43.10791880632958,Prefeitura Municipal de Niterói / SIGeo,Rede Programa Médico de Família
NIT-115-2876,facility,family_health,MMF do Morro da Boa Vista Italo Gomes,,São Lourenço,24060-037,-22.888098066306508,-43.109827040761736,Prefeitura Municipal de Niterói / SIGeo,Rede Programa Médico de Família
NIT-115-2865,facility,family_health,MMF do Morro do Ceu Faustino Perez,,Viçoso Jardim,24140-169,-22.893584504682597,-43.06996020316263,Prefeitura Municipal de Niterói / SIGeo,Rede Programa Médico de Família
NIT-115-2854,facility,family_health,MMF do Palacio Jesus Montanez,,Ingá,24210-470,-22.904232979530867,-43.12629566865713,Prefeitura Municipal de Niterói / SIGeo,Rede Programa Médico de Família
NIT-115-2847,facility,family_health,MMF do Preventorio I Abel Santamaria,,Charitas,24370-470,-22.933779577482525,-43.09745967958736,Prefeitura Municipal de Niterói / SIGeo,Rede Programa Médico de Família
NIT-115-2848,facility,family_health,MMF do Preventorio II Calixto Garcia,,Charitas,24370-001,-22.934654186193036,-43.09960243337537,Prefeitura Municipal de Niterói / SIGeo,Rede Programa Médico de Família
NIT-115-2844,facility,family_health,MMF do Sape,,Sapê,24315-610,-22.895243400631703,-43.05725483828177,Prefeitura Municipal de Niterói / SIGeo,Rede Programa Médico de Família
NIT-115-2856,facility,family_health,MMF do Souza Soares Jose Antonio Echeverria Bianchi,,Santa Rosa,24230-520,-22.906248577375347,-43.09008567814401,Prefeitura Municipal de Niterói / SIGeo,Rede Programa Médico de Família
NIT-115-2864,facility,family_health,MMF do Vicoso Jardim Tayssa Erminda Alves,,Viçoso Jardim,24140-169,-22.893148401773285,-43.08315828573,Prefeitura Municipal de Niterói / SIGeo,Rede Programa Médico de Família
NIT-115-2853,facility,family_health,MMF do Viradouro Camilo Cienfuegos,,Santa Rosa,24241-002,-22.905943153249677,-43.085692137981,Prefeitura Municipal de Niterói / SIGeo,Rede Programa Médico de Família
NIT-115-2852,facility,family_health,MMF do Vital Brazil Carlos Juan Finlay,,Vital Brazil,24230-480,-22.906821373910965,-43.09339168248794,Prefeitura Municipal de Niterói / SIGeo,Rede Programa Médico de Família
NIT-110-2804,facility,health,Base Descentralizada do SAMU Cantagalo - a ser construída,"Av. Nelson de Oliveira e Silva, 63",Cantagalo,,-22.911099218138705,-43.04732323779636,Prefeitura Municipal de Niterói / SIGeo,Rede de Saúde
NIT-110-2805,facility,health,Base Descentralizada do SAMU Itaipu - a ser construída,"Est. Engenho do Mato, s/n",Itaipu,,-22.95236555685127,-43.02634479763393,Prefeitura Municipal de Niterói / SIGeo,Rede de Saúde
NIT-110-2025,facility,health,CAPS AD Alameda,"Alameda São Boaventura, 129",Santana,,-22.880307883341885,-43.10634796924054,Prefeitura Municipal de Niterói / SIGeo,Rede de Saúde
NIT-110-2026,facility,health,CAPS Herbert de Souza,"Rua Marques de Olinda, 104",Centro,,-22.892758914853918,-43.114538040370945,Prefeitura Municipal de Niterói / SIGeo,Rede de Saúde
NIT-110-2024,facility,health,CAPS Largo da Batalha,"Rua Nilo de Freitas, 41",Largo da Batalha,,-22.90743523959332,-43.066187642208334,Prefeitura Municipal de Niterói / SIGeo,Rede de Saúde
NIT-110-2023,facility,health,CAPSI Monteiro Lobato,"Rua Tiradentes, 18",Ingá,,-22.901951570158328,-43.12677525786366,Prefeitura Municipal de Niterói / SIGeo,Rede de Saúde
NIT-110-2006,facility,health,Celia Sanchez - CCF Ilha da Conceição,"Rua Mario Neves, 350",Ilha da Conceição,0,-22.87287534813529,-43.11616330241843,Prefeitura Municipal de Niterói / SIGeo,Rede de Saúde
NIT-110-2007,facility,health,Dr. Antonio Peçanha - CCF Teixeira de Freitas,"Rua Teixeira de Freitas, 380",Fonseca,0,-22.87455558362944,-43.074982831827406,Prefeitura Municipal de Niterói / SIGeo,Rede de Saúde
NIT-110-2041,facility,health,Equipe Zilda Arns,"Estrada do Itararé, 951",Baldeador,0,-22.869093349174175,-43.069387587463744,Prefeitura Municipal de Niterói / SIGeo,Rede de Saúde
NIT-110-2034,facility,health,Hospital Estadual Azevedo Lima,"Rua Teixeira de Freitas, 30",Fonseca,,-22.88011480120556,-43.07827823880912,Prefeitura Municipal de Niterói / SIGeo,Rede de Saúde
NIT-110-2019,facility,health,Hospital Getúlio Vargas,"Rua Teixeira de Freitas, s/n",Fonseca,,-22.880975359631332,-43.07845871273107,Prefeitura Municipal de Niterói / SIGeo,Rede de Saúde
NIT-110-2018,facility,health,Hospital Municipal Carlos Tortelly,"Rua Desembargador Athayde Parreira, 266",Bairro de Fátima,,-22.895646286955802,-43.11023284074622,Prefeitura Municipal de Niterói / SIGeo,Rede de Saúde
NIT-110-2806,facility,health,Hospital Municipal Oceânico Dr. Gilson Cantarino,"Av. Dr. Raul de Oliveira Rodrigues, 382",Piratininga,,-22.943088288310538,-43.06162481819109,Prefeitura Municipal de Niterói / SIGeo,Rede de Saúde
NIT-110-2014,facility,health,Hospital Orêncio de Freitas,"Av Machado, s/n",Barreto,,-22.864951820133392,-43.094793021867645,Prefeitura Municipal de Niterói / SIGeo,Rede de Saúde
NIT-110-2015,facility,health,Hospital Psiquiátrico Jurujuba,"Av. Quintino Bocaiúva, s/n",Charitas,,-22.93270826765442,-43.09741219501778,Prefeitura Municipal de Niterói / SIGeo,Rede de Saúde
NIT-110-2037,facility,health,Hospital Universitário Antônio Pedro,"Rua Marques de Paraná, 303",Bairro de Fátima,,-22.895396032129664,-43.11204494037834,Prefeitura Municipal de Niterói / SIGeo,Rede de Saúde
NIT-110-2040,facility,health,Hospital da Polícia Militar,"Rua Martins Torres, 245",Santa Rosa,,-22.89857347388995,-43.092037340088325,Prefeitura Municipal de Niterói / SIGeo,Rede de Saúde
NIT-110-2017,facility,health,Hospital de Urgência Mário Monteiro,"Estrada Francisco da Cruz Nunes, s/n",Cafubá,,-22.92914294466682,-43.0638530906981,Prefeitura Municipal de Niterói / SIGeo,Rede de Saúde
NIT-110-2035,facility,health,Instituto Estadual de Doenças do Torax Dr. Ary Parreiras,,Barreto,,-22.864884881799412,-43.097116908900475,Prefeitura Municipal de Niterói / SIGeo,Rede de Saúde
NIT-110-2031,facility,health,Laboratorio de Saude Publica Miguelote Viana,Rua Vital Brazil,Vital Brazil,,-22.905366901021978,-43.097268302593534,Prefeitura Municipal de Niterói / SIGeo,Rede de Saúde
NIT-110-2033,facility,health,Laboratorio de Saude Publica da Região Leste-oceânica,"Rua Miguel Pereira Sarmento, 3 - Sala 206",Largo da Batalha,,-22.907473084884607,-43.067540671920675,Prefeitura Municipal de Niterói / SIGeo,Rede de Saúde
NIT-110-2032,facility,health,Laboratorio de Saude Publica da Região Norte,,Barreto,,-22.865092819288545,-43.099285652064374,Prefeitura Municipal de Niterói / SIGeo,Rede de Saúde
NIT-110-2063,facility,health,MMF DA COLÔNIA,"Praia de Itaipu, s/n",Itaipu,24340-330,-22.97115582121897,-43.04523603768773,Prefeitura Municipal de Niterói / SIGeo,Rede de Saúde
NIT-110-2055,facility,health,"MMF DA GROTA I ""JOSE MARTI I""","Rua Albino Pereira, 615",São Francisco,24365-170,-22.908971686857697,-43.07595704206356,Prefeitura Municipal de Niterói / SIGeo,Rede de Saúde
NIT-110-2056,facility,health,"MMF DA GROTA II ""JOSE MARTI II""","Rua Ascendino Pereira, 335",São Francisco,24365-170,-22.912112360330713,-43.08059686706891,Prefeitura Municipal de Niterói / SIGeo,Rede de Saúde
NIT-110-2083,facility,health,"MMF DA ITITIOCA ""DR WILSON DE OLIVEIRA""","Rua Vila Costa Monteiro, s/n",Ititioca,24315-070,-22.895596417026606,-43.07763126498642,Prefeitura Municipal de Niterói / SIGeo,Rede de Saúde
NIT-110-2078,facility,health,MMF DA LEOPOLDINA JULIO DIAS GONZALES,"Rua George Allan, s/n",Barreto,24110-125,-22.86972019068706,-43.10685347434621,Prefeitura Municipal de Niterói / SIGeo,Rede de Saúde
NIT-110-2076,facility,health,"MMF DA NOVA BRASILIA ""ANTONIO ÑICO LOPEZ""","Rua Zalmir Garcia, s/n",Engenhoca,24110-491,-22.86661117636758,-43.08968535675075,Prefeitura Municipal de Niterói / SIGeo,Rede de Saúde
NIT-110-2075,facility,health,"MMF DA VILA IPIRANGA ""VILMA ESPIN""","Rua Tenente Osório, s/n",Fonseca,24130-209,-22.878456073437107,-43.09211268352856,Prefeitura Municipal de Niterói / SIGeo,Rede de Saúde
NIT-110-2051,facility,health,"MMF DE JURUJUBA ""MARIO MUNHOZ MONROE""","Avenida Carlos Ermelindo Marins, s/n",Jurujuba,24370-195,-22.93307475833886,-43.114813928317965,Prefeitura Municipal de Niterói / SIGeo,Rede de Saúde
NIT-110-2080,facility,health,"MMF DE VARZEA DAS MOCAS ""DR TOBIAS TOSTES MACHADO""","Estrada Velha de Marica, s/n",Rio do Ouro,24330-000,-22.903351582063472,-42.985648677525326,Prefeitura Municipal de Niterói / SIGeo,Rede de Saúde
NIT-110-2060,facility,health,"MMF DO ALARICO ""DR OMAR MARINHO VIEIRA""","Estrada do Alarico, s/n",Santa Rosa,24240-550,-22.90072931279873,-43.08616959016578,Prefeitura Municipal de Niterói / SIGeo,Rede de Saúde
NIT-110-2048,facility,health,"MMF DO ATALAIA ""SALVADOR ALLENDE""","Rua Padre José Euger, s/n",Ititioca,24315-010,-22.899616541545814,-43.07966825316622,Prefeitura Municipal de Niterói / SIGeo,Rede de Saúde
NIT-110-2047,facility,health,"MMF DO BADU DR BARROS TERRA ""PROF BARROS TERRA""","Estrada Alcebiades Pinto, s/n",Badu,24320-150,-22.90834408320928,-43.049993515295476,Prefeitura Municipal de Niterói / SIGeo,Rede de Saúde
NIT-110-2074,facility,health,"MMF DO BERNARDINO RAUL ""CARLOS PARETO JR""","Rua Sa Barreto, 107",Fonseca,24120-297,-22.883828069133006,-43.08290173736962,Prefeitura Municipal de Niterói / SIGeo,Rede de Saúde
NIT-110-2067,facility,health,"MMF DO CAFUBA I ""ERNESTO CHE GUEVARA I""","Avenida Raul de Oliveira Rodrigues, s/n",Piratininga,24350-630,-22.937285050791264,-43.069936862492014,Prefeitura Municipal de Niterói / SIGeo,Rede de Saúde
NIT-110-2066,facility,health,"MMF DO CAFUBA II ""ERNESTO CHE GUEVARA II""","Rua Vereador Luiz Erthal, lt 05 qd 69",Cafubá,24350-050,-22.934462206206984,-43.07147578935717,Prefeitura Municipal de Niterói / SIGeo,Rede de Saúde
NIT-110-2068,facility,health,"MMF DO CAFUBA III ""ALBERTO RICARDO HATIN""","Rua Manoel Pacheco de Carvalho, 107",Piratininga,24350-401,-22.942375438765136,-43.05641967648404,Prefeitura Municipal de Niterói / SIGeo,Rede de Saúde
NIT-110-2045,facility,health,"MMF DO CANTAGALO ""HAIDÉE SANTAMARIA""","Avenida Nelson de Oliveira e Silva, 63",Cantagalo,24322-385,-22.91109752595337,-43.04732514818445,Prefeitura Municipal de Niterói / SIGeo,Rede de Saúde
NIT-110-2072,facility,health,"MMF DO CARAMUJO ""DR ALOISIO BRAZIL""","Avenida Colônia, s/n",Caramujo,24140-395,-22.883763140205584,-43.0624011218198,Prefeitura Municipal de Niterói / SIGeo,Rede de Saúde
NIT-110-2054,facility,health,"MMF DO CAVALAO ""FRANK PAIS GARCIA""","Alameda Paris, s/n",São Francisco,24360-018,-22.91166658226737,-43.0998451484788,Prefeitura Municipal de Niterói / SIGeo,Rede de Saúde
NIT-110-2081,facility,health,"MMF DO CORONEL LEONCIO ""DR CLAUDIO DO AMARAL""","Av. Professor João Brasil, s/n",Engenhoca,24130-081,-22.875048772298943,-43.096174598756164,Prefeitura Municipal de Niterói / SIGeo,Rede de Saúde
NIT-110-2064,facility,health,"MMF DO ENGENHO DO MATO ""WILLIAN SOLLER""","Estrada Irene Lopes Sodré, s/n",Engenho do Mato,24346-040,-22.93468856063956,-43.008625851920954,Prefeitura Municipal de Niterói / SIGeo,Rede de Saúde
NIT-110-2084,facility,health,"MMF DO JACARÉ ""ENOC JOAQUIM DE OLIVEIRA""","Estrada Frei Orlando, 169",Jacaré,24350-200,-22.926432966636096,-43.042407707893624,Prefeitura Municipal de Niterói / SIGeo,Rede de Saúde
NIT-110-2071,facility,health,"MMF DO JONATHAS BOTELHO ""JOSE SUARES BLANCO""","Travessa Jonathas Botelho, 133",Cubango,24240-415,-22.892135087518604,-43.092425901288166,Prefeitura Municipal de Niterói / SIGeo,Rede de Saúde
NIT-110-2046,facility,health,"MMF DO MACEIÓ ""JOÃO SAMPAIO""","Rua José Bento Vieira Ferreira, s/n",Maceió,24310-050,-22.90971615200868,-43.06898178703607,Prefeitura Municipal de Niterói / SIGeo,Rede de Saúde
NIT-110-2065,facility,health,"MMF DO MARAVISTA ""CTE MANOEL PINEIRO LOZADA""","Rua Astor da Costa Menezes, s/n",Maravista,24342-410,-22.93688958106161,-43.031851679685126,Prefeitura Municipal de Niterói / SIGeo,Rede de Saúde
NIT-110-2077,facility,health,"MMF DO MARITIMOS ""CARLOS RAFAEL RODRIGUEZ""","Travessa Carlos Silva, 1",Barreto,24111-000,-22.865353917368303,-43.095317871859855,Prefeitura Municipal de Niterói / SIGeo,Rede de Saúde
NIT-110-2062,facility,health,"MMF DO MARTINS TORRES ""DR JOAO VASCONCELLOS""","RUA MARTINS TORRES, 281",Santa Rosa,24240-705,-22.898657295374736,-43.09119399739806,Prefeitura Municipal de Niterói / SIGeo,Rede de Saúde
NIT-110-2079,facility,health,"MMF DO MARUI ""JORGE LUIZ CAMACHO RODRIGUES""","Rua Monsenhor Raeder, 151",Barreto,24110-814,-22.86627116325705,-43.10791880632958,Prefeitura Municipal de Niterói / SIGeo,Rede de Saúde
NIT-110-2050,facility,health,"MMF DO MATAPACA ""DR ABELARDO RAMIREZ""","Rua Aurora Ribeiro, 05",Maria Paula,24320-610,-22.882054579919235,-43.03139567705024,Prefeitura Municipal de Niterói / SIGeo,Rede de Saúde
NIT-110-2082,facility,health,"MMF DO MORRO DA BOA VISTA ""ITALO GOMES""","Rua Indígena, 200",São Lourenço,24060-037,-22.888098066306508,-43.109827040761736,Prefeitura Municipal de Niterói / SIGeo,Rede de Saúde
NIT-110-2070,facility,health,"MMF DO MORRO DO CEU ""FAUSTINO PEREZ""","Estrada Vicoso Jardim, 357",Viçoso Jardim,24140-169,-22.893584504682597,-43.06996020316263,Prefeitura Municipal de Niterói / SIGeo,Rede de Saúde
NIT-110-2059,facility,health,"MMF DO PALÁCIO ""JESUS MONTAÑEZ""","Rua 11 de Agosto, 04",Ingá,0,-22.904232979530867,-43.12629566865713,Prefeitura Municipal de Niterói / SIGeo,Rede de Saúde
NIT-110-2052,facility,health,"MMF DO PREVENTORIO I ""ABEL SANTAMARIA""","Travessa Carmita, s/n",Charitas,24370-470,-22.933779577482525,-43.09745967958736,Prefeitura Municipal de Niterói / SIGeo,Rede de Saúde
NIT-110-2053,facility,health,"MMF DO PREVENTORIO II ""CALIXTO GARCÍA""","Avenida Quintino Bocaiúva, s/n",Charitas,24360-022,-22.934654186193036,-43.09960243337537,Prefeitura Municipal de Niterói / SIGeo,Rede de Saúde
NIT-110-2049,facility,health,MMF DO SAPÊ,"Rua E, LT 06, s/n",Sapê,24315-610,-22.895243400631703,-43.05725483828177,Prefeitura Municipal de Niterói / SIGeo,Rede de Saúde
NIT-110-2061,facility,health,"MMF DO SOUZA SOARES ""JOSE ANTONIO ECHEVERRIA BIANCHI""","Rua Lions Club, 37",Santa Rosa,24230-520,-22.906248577375347,-43.09008567814401,Prefeitura Municipal de Niterói / SIGeo,Rede de Saúde
NIT-110-2058,facility,health,"MMF DO VIRADOURO ""CAMILO CIENFUEGOS""","Rua Dr. Mario Vianna, 790",Santa Rosa,24241-002,-22.905943153249677,-43.085692137981,Prefeitura Municipal de Niterói / SIGeo,Rede de Saúde
NIT-110-2057,facility,health,"MMF DO VITAL BRAZIL ""CARLOS JUAN FINLAY""","RUA JOÃO DA LOSSI - TRAVESSA F, 08",Vital Brazil,24230-480,-22.906821373910965,-43.09339168248794,Prefeitura Municipal de Niterói / SIGeo,Rede de Saúde
NIT-110-2069,facility,health,"MMF DO VIÇOSO JARDIM ""TAYSSA ERMINDA ALVES","Estrada Viçoso Jardim, s/n",Viçoso Jardim,24140-169,-22.893148401773285,-43.08315828573,Prefeitura Municipal de Niterói / SIGeo,Rede de Saúde
NIT-110-2087,facility,health,"MMF Ilha da Conceição Dr. Ruy Carlos Decnop ""Célia Sanchez""","Rua Jornalista Sardo Filho, 196",Ilha da Conceição,24050-100,-22.8725504899903,-43.11622444673461,Prefeitura Municipal de Niterói / SIGeo,Rede de Saúde
NIT-110-2085,facility,health,"MMF Teixeira de Freitas ""Dr Antonio Peçanha""","Rua Teixeira de Freitas, 380",Fonseca,24130-614,-22.874690867635962,-43.07543399843869,Prefeitura Municipal de Niterói / SIGeo,Rede de Saúde
NIT-110-2073,facility,health,"MMF ZILDA ARNS BALDEADOR ""DEPUTADO JOSE SALLY""","LOTEAMENTO BENTO PESTANA, s/n",Baldeador,24140-150,-22.86903693276178,-43.069396536353466,Prefeitura Municipal de Niterói / SIGeo,Rede de Saúde
NIT-110-2086,facility,health,MMF da Ponta da Areia,"Rua Coronel Miranda, 18",Ponta D'Areia,24040-025,-22.883890269990914,-43.1260212152338,Prefeitura Municipal de Niterói / SIGeo,Rede de Saúde
NIT-110-2016,facility,health,Maternidade Municipal Alzira Reis,"Estrada General Eurico Gaspar Dutra, s/n",Charitas,,-22.935205244641633,-43.10082352501344,Prefeitura Municipal de Niterói / SIGeo,Rede de Saúde
NIT-110-2027,facility,health,Policlinica Comunitaria de Jurujuba,"Avenida Carlos Ermelindo Marins, s/n",Jurujuba,,-22.932993317503765,-43.11505193203932,Prefeitura Municipal de Niterói / SIGeo,Rede de Saúde
NIT-110-2029,facility,health,Policlinica de Especialidades Sylvio Picanço,"Avenida Amaral Peixoto, 169",Centro,,-22.893304794829923,-43.12244601073086,Prefeitura Municipal de Niterói / SIGeo,Rede de Saúde
NIT-110-2028,facility,health,Policlinica de Especialidades em Atenção a Saude da Mulher Malu Sampaio,"Rua Visconde de Uruguai, 531",Centro,,-22.89370244435789,-43.12213948261244,Prefeitura Municipal de Niterói / SIGeo,Rede de Saúde
NIT-110-2036,facility,health,Policlínica Almir Madeira,"Rua Professor Hernani Melo, 103",São Domingos,,-22.89924922914366,-43.12611388576191,Prefeitura Municipal de Niterói / SIGeo,Rede de Saúde
NIT-110-2039,facility,health,Policlínica Militar do Exército,"Praça dos Expedicionários, 25",Centro,,-22.883681677112353,-43.11466562419718,Prefeitura Municipal de Niterói / SIGeo,Rede de Saúde
NIT-110-2038,facility,health,Policlínica Naval de Niterói,"Rua Barão de Jaceguai, s/n",Centro,,-22.884218052211732,-43.12879390112324,Prefeitura Municipal de Niterói / SIGeo,Rede de Saúde
NIT-110-2009,facility,health,Policlínica Regional Carlos Antonio da Silva,"Rua Jansen de Mello, s/n",Centro,,-22.8872250225341,-43.11525307164683,Prefeitura Municipal de Niterói / SIGeo,Rede de Saúde
NIT-110-2043,facility,health,Policlínica Regional De Piratininga – Dom Luiz Orione,"Rua Dr. Marcolino Gomes Candau, 111",Piratininga,24358-390,-22.952466825587383,-43.09336167463038,Prefeitura Municipal de Niterói / SIGeo,Rede de Saúde
NIT-110-2011,facility,health,Policlínica Regional Guilherme Taylor March,"Rua Desembargador Lima Castro, 238",Fonseca,,-22.88670652707357,-43.08693564181451,Prefeitura Municipal de Niterói / SIGeo,Rede de Saúde
NIT-110-2012,facility,health,Policlínica Regional Sérgio Arouca,"Praça Vital Brazil, s/n",Vital Brazil,,-22.905369830591418,-43.09740492273955,Prefeitura Municipal de Niterói / SIGeo,Rede de Saúde
NIT-110-2013,facility,health,Policlínica Regional da Engenhoca Dr. Renato Silva,"Avenida João Brasil, s/n",Engenhoca,,-22.87279384574496,-43.0948719299644,Prefeitura Municipal de Niterói / SIGeo,Rede de Saúde
NIT-110-2008,facility,health,Policlínica Regional de Itaipu,"Estrada Engenho do Mato, s/n",Maravista,,-22.95249308902147,-43.026780004466204,Prefeitura Municipal de Niterói / SIGeo,Rede de Saúde
NIT-110-2042,facility,health,Policlínica Regional do Barreto Dr. João da Silva Vizella,"Rua Luiz Palmier, 726",Barreto,,-22.86277074995624,-43.09610261088941,Prefeitura Municipal de Niterói / SIGeo,Rede de Saúde
NIT-110-2010,facility,health,Policlínica Regional do Largo da Batalha Dr. Francisco da Cruz Nunes,"Rua Ver.Armando Ferreira, 30",Largo da Batalha,,-22.907554545255024,-43.06738514363389,Prefeitura Municipal de Niterói / SIGeo,Rede de Saúde
NIT-110-2030,facility,health,Prof Barros Terra - CCF Badu,"Estrada Alcebiades Pinto, s/n",Badu,24320-150,-22.90834408320928,-43.049993515295476,Prefeitura Municipal de Niterói / SIGeo,Rede de Saúde
NIT-110-2807,facility,health,Rede de Saúde #2807,,,,-22.8928020394371,-43.11835970577733,Prefeitura Municipal de Niterói / SIGeo,Rede de Saúde
NIT-110-3201,facility,health,Rede de Saúde #3201,,,,-22.90481339233579,-43.09557713671975,Prefeitura Municipal de Niterói / SIGeo,Rede de Saúde
NIT-110-3601,facility,health,Rede de Saúde #3601,,,,-22.8928020394371,-43.11835970577733,Prefeitura Municipal de Niterói / SIGeo,Rede de Saúde
NIT-110-2022,facility,health,Servico de Pronto Atendimento 01,"Rua Vereador Armando Ferreira, 30",Largo da Batalha,,-22.907445904921374,-43.06744220178678,Prefeitura Municipal de Niterói / SIGeo,Rede de Saúde
NIT-110-2020,facility,health,Servico de Pronto Atendimento 02,"Avenida Professor João Brasil, s/n",Engenhoca,,-22.87262891455037,-43.094807383741625,Prefeitura Municipal de Niterói / SIGeo,Rede de Saúde
NIT-110-4008,facility,health,Serviço Residencial Terapêutico Centro,"R. XV de Novembro, 133",Centro,,-22.896377247556888,-43.12079786406201,Prefeitura Municipal de Niterói / SIGeo,Rede de Saúde
NIT-110-4007,facility,health,Serviço Residencial Terapêutico Charitas,"R. Belford Vieira, 22",Charitas,,-22.926618927807855,-43.09309743544565,Prefeitura Municipal de Niterói / SIGeo,Rede de Saúde
NIT-110-4009,facility,health,Serviço Residencial Terapêutico Charitas II,"Av. Prefeito Sílvio Picanço, s/n",Charitas,,-22.932472120909264,-43.097544265976275,Prefeitura Municipal de Niterói / SIGeo,Rede de Saúde
NIT-110-4010,facility,health,Serviço Residencial Terapêutico Charitas III,"Av. Prefeito Sílvio Picanço, s/n",Charitas,,-22.93255595393162,-43.097437983988435,Prefeitura Municipal de Niterói / SIGeo,Rede de Saúde
NIT-110-4013,facility,health,Serviço Residencial Terapêutico Fonseca (nova unidade),"R. São Geraldo, Lotes 9 e 10",Fonseca,,-22.885374003019024,-43.086852833217,Prefeitura Municipal de Niterói / SIGeo,Rede de Saúde
NIT-110-4002,facility,health,Serviço Residencial Terapêutico II,"Av. Silvio Picanço, 40, apto 208 bloco",Charitas,,-22.932920482710333,-43.098663241744,Prefeitura Municipal de Niterói / SIGeo,Rede de Saúde
NIT-110-4001,facility,health,Serviço Residencial Terapêutico PAC I,"Av.Silvo Picanço, 40 - apto 102 bloco",Charitas,,-22.932876823228597,-43.09870249662824,Prefeitura Municipal de Niterói / SIGeo,Rede de Saúde
NIT-110-4003,facility,health,Serviço Residencial Terapêutico PAC III,"Travessa Doutor Leitão, 30, apto 205 bloco",Charitas,,-22.93422707642783,-43.09746566310631,Prefeitura Municipal de Niterói / SIGeo,Rede de Saúde
NIT-110-4004,facility,health,Serviço Residencial Terapêutico PAC Preventório IV Charitas,"Travessa Doutor Leitão, 30, apto 103 e 104",Charitas,,-22.934254345148595,-43.09752048197527,Prefeitura Municipal de Niterói / SIGeo,Rede de Saúde
NIT-110-4006,facility,health,Serviço Residencial Terapêutico Pendotiba,"R. Tupinambás, 131",São Francisco,,-22.917443814517526,-43.08999244301746,Prefeitura Municipal de Niterói / SIGeo,Rede de Saúde
NIT-110-4005,facility,health,Serviço Residencial Terapêutico São Francisco,"R. Tupinambás, 131",São Francisco,,-22.917457711289504,-43.09000216595551,Prefeitura Municipal de Niterói / SIGeo,Rede de Saúde
NIT-110-4011,facility,health,Serviço Residencial Terapêutico São Lourenço,"Travessa Santo Antônio, 68",São Lourenço,,-22.884827590771767,-43.10895985140529,Prefeitura Municipal de Niterói / SIGeo,Rede de Saúde
NIT-110-2005,facility,health,UBS Baldeador/Morro do Castro Deputado José Sally,"Lot.Bento Pestana, s/n",Baldeador,,-22.869083577849498,-43.06930167598221,Prefeitura Municipal de Niterói / SIGeo,Rede de Saúde
NIT-110-2044,facility,health,UBS Centro Dr. Eduardo Imbassay,"Rua Visconde de Uruguai, 531",Centro,24030-078,-22.893683168716926,-43.12212329480542,Prefeitura Municipal de Niterói / SIGeo,Rede de Saúde
NIT-110-2002,facility,health,UBS Engenhoca,"Avenida Prof.João Brasil, s/n",Engenhoca,,-22.870942609317893,-43.09755044350542,Prefeitura Municipal de Niterói / SIGeo,Rede de Saúde
NIT-110-2004,facility,health,UBS Morro do Estado,"Rua Araujo Pimenta, s/n",Morro do Estado,,-22.899531576361692,-43.118143677254785,Prefeitura Municipal de Niterói / SIGeo,Rede de Saúde
NIT-110-2003,facility,health,UBS Santa Bárbara,"Rua Jandira Pereira, 625",Santa Bárbara,,-22.87669956069708,-43.049097126476624,Prefeitura Municipal de Niterói / SIGeo,Rede de Saúde
NIT-110-4012,facility,health,Unidade de Acolhimento Infantojuvenil,"Av. Almirante Ari Parreiras, 676",Vital Brazil,,-22.904814473665283,-43.09557898041556,Prefeitura Municipal de Niterói / SIGeo,Rede de Saúde
NIT-110-2021,facility,health,Unidade de Pronto Atendimento,"Rua Sá Barreto, 107",Fonseca,,-22.883613824604634,-43.08266845314989,Prefeitura Municipal de Niterói / SIGeo,Rede de Saúde
NIT-110-2001,facility,health,Varzea das Mocas - CCF Várzea das Moças,"Estrada Velha de Marica, s/n",Rio do Ouro,24330-000,-22.903351582063472,-42.985648677525326,Prefeitura Municipal de Niterói / SIGeo,Rede de Saúde
NIT-105-25,facility,hospital,Base Descentralizada do SAMU Cantagalo - a ser construída,"Av. Nelson de Oliveira e Silva, 63 - Cantagalo, Niterói, RJ",,,-22.911099218138705,-43.04732323779636,Prefeitura Municipal de Niterói / SIGeo,Hospitais
NIT-105-26,facility,hospital,Base Descentralizada do SAMU Itaipu - a ser construída,"Est. Engenho do Mato, s/n - Itaipu, Niterói, RJ",,,-22.95236555685127,-43.02634479763393,Prefeitura Municipal de Niterói / SIGeo,Hospitais
NIT-105-16,facility,hospital,Hospital Estadual Ary Parreiras,Avenida Dr. Luiz Palmier,,,-22.864813453710557,-43.09932198143143,Prefeitura Municipal de Niterói / SIGeo,Hospitais
NIT-105-15,facility,hospital,Hospital Estadual Azevedo Lima,Rua Teixeira de Freitas,,,-22.880171460842934,-43.07826284244975,Prefeitura Municipal de Niterói / SIGeo,Hospitais
NIT-105-2,facility,hospital,Hospital Geral do Ingá,Rua Presidente Pedreira,,,-22.903530421578953,-43.126842751043405,Prefeitura Municipal de Niterói / SIGeo,Hospitais
NIT-105-9,facility,hospital,Hospital Getulio Vargas Filho,Rua Teixeira de Freitas,,,-22.880828743209634,-43.078395985080455,Prefeitura Municipal de Niterói / SIGeo,Hospitais
NIT-105-8,facility,hospital,Hospital Icarai,Avenida Marquês de Paraná,,,-22.89427050957881,-43.11276896483295,Prefeitura Municipal de Niterói / SIGeo,Hospitais
NIT-105-4,facility,hospital,Hospital Municipal Carlos Tortelly,Rua Desembargador Athaíde Parreiras,,,-22.895629068001078,-43.11036819717348,Prefeitura Municipal de Niterói / SIGeo,Hospitais
NIT-105-27,facility,hospital,Hospital Municipal Oceânico Dr. Gilson Cantarino,"Av. Dr. Raul de Oliveira Rodrigues, 382 - Piratininga, Niterói, RJ",,,-22.943088288310538,-43.06162481819109,Prefeitura Municipal de Niterói / SIGeo,Hospitais
NIT-105-13,facility,hospital,Hospital Niterói D'Or,Avenida Sete de Setembro,,,-22.902838234088133,-43.099743061846524,Prefeitura Municipal de Niterói / SIGeo,Hospitais
NIT-105-14,facility,hospital,Hospital Orencio de Freitas,Avenida Machado,,,-22.865093667282096,-43.0946946215221,Prefeitura Municipal de Niterói / SIGeo,Hospitais
NIT-105-5,facility,hospital,Hospital Psiquiátrico de Jurujuba,Avenida Quintino Bocaiúva,,,-22.93247439479118,-43.09773764845563,Prefeitura Municipal de Niterói / SIGeo,Hospitais
NIT-105-3,facility,hospital,Hospital Universitário Antônio Pedro,Avenida Marquês de Paraná,,,-22.895227464101406,-43.11238181023914,Prefeitura Municipal de Niterói / SIGeo,Hospitais
NIT-105-10,facility,hospital,Hospital da Polícia Militar,Rua Doutor Martins Torres,,,-22.89841921786138,-43.092129285596755,Prefeitura Municipal de Niterói / SIGeo,Hospitais
NIT-105-6,facility,hospital,Hospital de Clinicas Alameda,Alameda São Boa Ventura,,,-22.88047685710625,-43.10174347869383,Prefeitura Municipal de Niterói / SIGeo,Hospitais
NIT-105-12,facility,hospital,Hospital de Clínicas São Sebastião,Rua Doutor March,,,-22.860638502681557,-43.09647374691877,Prefeitura Municipal de Niterói / SIGeo,Hospitais
NIT-105-1,facility,hospital,Hospital de Clínicas de Niterói,Travessa Lassalle,,,-22.894602199995266,-43.1156082087955,Prefeitura Municipal de Niterói / SIGeo,Hospitais
NIT-105-7,facility,hospital,Hospital de Olhos Niteroi,Avenida Sete de Setembro,,,-22.90441230030742,-43.10089459428823,Prefeitura Municipal de Niterói / SIGeo,Hospitais
NIT-105-11,facility,hospital,Hospital de Olhos Santa Beatriz,Alameda São Boa Ventura,,,-22.881255231026802,-43.095351726150064,Prefeitura Municipal de Niterói / SIGeo,Hospitais
NIT-105-21,facility,hospital,Instituto Estadual de Doenças do Tórax Ary Parreiras Hospital Especializado,"Rua Luiz Palmier, 762",,,-22.864083901120043,-43.098293628220176,Prefeitura Municipal de Niterói / SIGeo,Hospitais
NIT-105-22,facility,hospital,Maternidade Municipal Alzira Reis Vieira Ferreira,,,,-22.92631700656189,-43.11979647865502,Prefeitura Municipal de Niterói / SIGeo,Hospitais
NIT-105-23,facility,hospital,SAMU – 192 –Metropolitana II Urgência,,,,-22.894999876069058,-43.110082439799115,Prefeitura Municipal de Niterói / SIGeo,Hospitais
NIT-105-24,facility,hospital,SAMU – BASE Urgência - Base descentralizada Niterói,,,,-22.88104545864856,-43.10610681932984,Prefeitura Municipal de Niterói / SIGeo,Hospitais
NIT-105-20,facility,hospital,Serviço de Pronto Atendimento da Engenhoca,Avenida Professor João Brasil,,,-22.87293622644312,-43.09454022336019,Prefeitura Municipal de Niterói / SIGeo,Hospitais
NIT-105-19,facility,hospital,Serviço de Pronto Atendimento do Largo da Batalha,Rua Vereador Armando Ferreira,,,-22.907549055578915,-43.06738192199325,Prefeitura Municipal de Niterói / SIGeo,Hospitais
NIT-105-17,facility,hospital,UPA 24h Niteói,Rua Sá Barreto,,,-22.883823810895613,-43.082952903638784,Prefeitura Municipal de Niterói / SIGeo,Hospitais
NIT-105-18,facility,hospital,Unidade de Emergência Mario Monteiro,Estrada Francisco da Cruz Nunes,,,-22.92910382439196,-43.06388181239226,Prefeitura Municipal de Niterói / SIGeo,Hospitais
NIT-5-39,facility,social_assistance,Ações Estratég do Prog de Erradicação do Trabalho Infantil,"Av. Ernani do Amaral Peixoto, 901",,,-22.8936842346795,-43.114792413578385,Prefeitura Municipal de Niterói / SIGeo,Equipamentos da Assistência Social
NIT-5-37,facility,social_assistance,CENTRO – POP,"Rua Coronel Gomes Machado, 279",,,-22.892545287264806,-43.116792237695705,Prefeitura Municipal de Niterói / SIGeo,Equipamentos da Assistência Social
NIT-5-49,facility,social_assistance,CONSELHO TUTELAR II,"Estrada Caetano Monteiro, 659",,,-22.90719671262324,-43.06120220916676,Prefeitura Municipal de Niterói / SIGeo,Equipamentos da Assistência Social
NIT-5-25,facility,social_assistance,CRAS Badu,"Estrada Caetano Monteiro, 820",,,-22.907233339081458,-43.05650537338132,Prefeitura Municipal de Niterói / SIGeo,Equipamentos da Assistência Social
NIT-5-26,facility,social_assistance,CRAS Barreto,Rua Luiz Palmier,,,-22.86405026691182,-43.09781627267276,Prefeitura Municipal de Niterói / SIGeo,Equipamentos da Assistência Social
NIT-5-27,facility,social_assistance,CRAS CAFUBÁ,"Rua Deputado José Hertal, 320",,,-22.932543065452567,-43.06941181428003,Prefeitura Municipal de Niterói / SIGeo,Equipamentos da Assistência Social
NIT-5-28,facility,social_assistance,CRAS Centro,"Rua Coronel Gomes Machado, 259",,,-22.893568210377712,-43.11568771107049,Prefeitura Municipal de Niterói / SIGeo,Equipamentos da Assistência Social
NIT-5-29,facility,social_assistance,CRAS Cubango,"Rua Desembargador Lima Castro, 241",,,-22.88693806759563,-43.08644620385962,Prefeitura Municipal de Niterói / SIGeo,Equipamentos da Assistência Social
NIT-5-47,facility,social_assistance,CRAS Jurujuba,"Rua Eugenio José Bernardes, 163",,,-22.935949828814223,-43.11362268743438,Prefeitura Municipal de Niterói / SIGeo,Equipamentos da Assistência Social
NIT-5-30,facility,social_assistance,CRAS Morro do Céu,"Rua da Horta, 1",,,-22.89356677048624,-43.06895862847425,Prefeitura Municipal de Niterói / SIGeo,Equipamentos da Assistência Social
NIT-5-31,facility,social_assistance,CRAS Preventório,"Rua Santa Cândida, 10",,,-22.93201196163267,-43.0968046504802,Prefeitura Municipal de Niterói / SIGeo,Equipamentos da Assistência Social
NIT-5-33,facility,social_assistance,CRAS Santa Bárbara,"Av. Desembarcador Nestor Rodrigues Perlingeiro, 372",,,-22.87767196597912,-43.047945324093384,Prefeitura Municipal de Niterói / SIGeo,Equipamentos da Assistência Social
NIT-5-32,facility,social_assistance,CRAS Vila Ipiranga,Rua Tenente Osório,,,-22.87838173109455,-43.09224899872298,Prefeitura Municipal de Niterói / SIGeo,Equipamentos da Assistência Social
NIT-5-35,facility,social_assistance,CREAS Centro,"Av. Ernani do Amaral Peixoto, 901",,,-22.89366631251197,-43.11472999400736,Prefeitura Municipal de Niterói / SIGeo,Equipamentos da Assistência Social
NIT-5-36,facility,social_assistance,CREAS Largo da Batalha,"Rua Reverendo Armando Ferreira, 19",,,-22.913374602964065,-43.073147348674915,Prefeitura Municipal de Niterói / SIGeo,Equipamentos da Assistência Social
NIT-5-34,facility,social_assistance,Centro de Convivência Inter Geracional Helena Tibau,"Rua Professor Otacílio, 145",,,-22.899919829542714,-43.09904569146755,Prefeitura Municipal de Niterói / SIGeo,Equipamentos da Assistência Social
NIT-5-44,facility,social_assistance,Conselho Tutelar I,"Rua Coronel Gomes Machado, 257",,,-22.89260342305036,-43.117644556746924,Prefeitura Municipal de Niterói / SIGeo,Equipamentos da Assistência Social
NIT-5-45,facility,social_assistance,Conselho Tutelar III,Alameda São Boa Aventura,,,-22.880949606307635,-43.10129952963755,Prefeitura Municipal de Niterói / SIGeo,Equipamentos da Assistência Social
NIT-5-48,facility,social_assistance,Hotel Emergencial,"Rua Passo da Pátria, 53",,,-22.90184675623731,-43.13084971784813,Prefeitura Municipal de Niterói / SIGeo,Equipamentos da Assistência Social
NIT-5-43,facility,social_assistance,Programa Família Acolhedora - FACO,"Rua Coronel Gomes Machado, 281",,,-22.892541262648106,-43.11673425992354,Prefeitura Municipal de Niterói / SIGeo,Equipamentos da Assistência Social
NIT-5-38,facility,social_assistance,Serviço Especializado em Abordagem Social,"Rua Coronel Gomes Machado, 279",,,-22.89254709942295,-43.11684068571398,Prefeitura Municipal de Niterói / SIGeo,Equipamentos da Assistência Social
NIT-5-42,facility,social_assistance,Unidade de Acolhimento Arthur Bispo do Rosário,"Rua Coronel Gomes Machado, 279",,,-22.892578792651474,-43.11733043770767,Prefeitura Municipal de Niterói / SIGeo,Equipamentos da Assistência Social
NIT-5-41,facility,social_assistance,Unidade de Acolhimento Florestan Fernandes,"Alameda São Boaventura, 1611",,,-22.88316929550493,-43.11378495285517,Prefeitura Municipal de Niterói / SIGeo,Equipamentos da Assistência Social
NIT-5-50,facility,social_assistance,Unidade de Acolhimento Lisaura Ruas,Rua Esther Alexandre,,,-22.936602136506295,-43.02096545313356,Prefeitura Municipal de Niterói / SIGeo,Equipamentos da Assistência Social
NIT-5-40,facility,social_assistance,Unidade de Acolhimento Lélia Gonzáles,"Rua general Andrade neve, 258",,,-22.88306685951888,-43.11379638043334,Prefeitura Municipal de Niterói / SIGeo,Equipamentos da Assistência Social
NIT-5-51,facility,social_assistance,Unidade de Acolhimento Paulo Freire,"Rua Gonçalves Lêdo, 25",,,-22.881202121452585,-43.10645615292137,Prefeitura Municipal de Niterói / SIGeo,Equipamentos da Assistência Social
NIT-5-46,facility,social_assistance,Vale Social,"Rua Coronel Gomes Machado, 259",,,-22.892575499449457,-43.11723387427628,Prefeitura Municipal de Niterói / SIGeo,Equipamentos da Assistência Social
NIT-10-402,facility,women_support,CENTRAL DE ATENDIMENTO À MULHER 180,"Rua Consul Francisco Cruz, 49 - Centro",,,-22.890294195390382,-43.11604796141108,Prefeitura Municipal de Niterói / SIGeo,Rede de atendimento à Mulher
NIT-10-405,facility,women_support,CENTRAL DE ATENDIMENTO À MULHER 180,"Rua Consul Francisco Cruz, 49 - Centro",,,-22.890294195390382,-43.11604796141108,Prefeitura Municipal de Niterói / SIGeo,Rede de atendimento à Mulher
NIT-10-407,facility,women_support,DEAM Delegacia Especializada de Atendimento à Mulher,"Av. Amaral Peixoto, 577, 3º andar, Centro",,,-22.89310322970476,-43.117670381786496,Prefeitura Municipal de Niterói / SIGeo,Rede de atendimento à Mulher
NIT-10-403,facility,women_support,DEFENSORIA PÚBLICA Vara de Família,"Pça Fonseca Ramos (Rodoviária), 3º andar, Centro",,,-22.88530900242312,-43.121930446243944,Prefeitura Municipal de Niterói / SIGeo,Rede de atendimento à Mulher
NIT-10-406,facility,women_support,DEFENSORIA PÚBLICA Vara de Família,"Pça Fonseca Ramos (Rodoviária), 3º andar, Centro",,,-22.88530900242312,-43.121930446243944,Prefeitura Municipal de Niterói / SIGeo,Rede de atendimento à Mulher
NIT-10-408,facility,women_support,JUIZADO DA VIOLÊNCIA DOMÉSTICA E FAMILIAR CONTRA A MULHER,"Av. Amaral Peixoto, 577, 9º andar",,,-22.892997461427893,-43.117661464193866,Prefeitura Municipal de Niterói / SIGeo,Rede de atendimento à Mulher
NIT-10-410,facility,women_support,PAISM - Programa de Atenção Integral à Saúde da Mulher,"Av. Amaral Peixoto 169, 6º andar",,,-22.893328319318606,-43.12241673972327,Prefeitura Municipal de Niterói / SIGeo,Rede de atendimento à Mulher
NIT-10-411,facility,women_support,POLICLINICA DE ESPECIALIDADES DA MULHER “MALU SAMPAIO”,"Rua Visconde de Uruguai, 531 Centro",,,-22.893977081456786,-43.12209730898251,Prefeitura Municipal de Niterói / SIGeo,Rede de atendimento à Mulher
NIT-10-404,facility,women_support,SOS MULHER - casos de violência sexual,"Av. Marquês de Paraná 303, 8º andar",,,-22.89525792250435,-43.112462522629095,Prefeitura Municipal de Niterói / SIGeo,Rede de atendimento à Mulher
NIT-10-409,facility,women_support,SOS MULHER - casos de violência sexual,"Av. Marquês de Paraná 303, 8º andar",,,-22.89525792250435,-43.112462522629095,Prefeitura Municipal de Niterói / SIGeo,Rede de atendimento à Mulher
